participant,condition,run,trial_repeat,class_id,true_label,global_trial_index,max_abs,max_ptp,reject_max_abs,reject_max_ptp,reject_trial
1,blue_yellow,1,0,0,0,640,56.19061695845578,76.7452892272783,False,False,False
1,blue_yellow,1,0,1,1,641,95.68560538139563,123.98763454042498,False,False,False
1,blue_yellow,1,0,2,2,642,49.568284087914066,88.03849357232643,False,False,False
1,blue_yellow,1,0,3,3,643,81.16805047543907,90.00189218704888,False,False,False
1,blue_yellow,1,0,4,4,644,51.577425966758724,73.35976831935514,False,False,False
1,blue_yellow,1,0,5,5,645,36.05921576804024,53.29086969449253,False,False,False
1,blue_yellow,1,0,6,6,646,116.54416769726362,134.82147032751143,False,False,False
1,blue_yellow,1,0,7,7,647,31.081816743728044,51.48953117844893,False,False,False
1,blue_yellow,1,0,8,8,648,44.11144974252254,82.81733212271453,False,False,False
1,blue_yellow,1,0,9,9,649,34.7584282958097,56.4169954244846,False,False,False
1,blue_yellow,1,0,10,10,650,37.72471745926931,54.307952844422495,False,False,False
1,blue_yellow,1,0,11,11,651,105.57793982068713,120.70055271853073,False,False,False
1,blue_yellow,1,0,12,12,652,55.80896143100788,71.5663304545556,False,False,False
1,blue_yellow,1,0,13,13,653,83.49718209249035,124.77225043205388,False,False,False
1,blue_yellow,1,0,14,14,654,52.2120705059083,92.98107192112434,False,False,False
1,blue_yellow,1,0,15,15,655,110.48071854437023,144.384823337869,False,False,False
1,blue_yellow,1,0,16,16,656,32.9984265588814,56.283766514551154,False,False,False
1,blue_yellow,1,0,17,17,657,49.826128554213554,68.43767306797022,False,False,False
1,blue_yellow,1,0,18,18,658,63.248737783641694,85.01206164675723,False,False,False
1,blue_yellow,1,0,19,19,659,104.3568055787805,122.23415565136891,False,False,False
1,blue_yellow,1,0,20,20,660,58.585538445688904,81.7956776119917,False,False,False
1,blue_yellow,1,0,21,21,661,53.68191089172835,86.26756467773129,False,False,False
1,blue_yellow,1,0,22,22,662,45.11555766513673,76.12621997365363,False,False,False
1,blue_yellow,1,0,23,23,663,34.95916021381992,68.68461073004099,False,False,False
1,blue_yellow,1,0,24,24,664,69.5234241824682,89.7227300905602,False,False,False
1,blue_yellow,1,0,25,25,665,26.62857057240225,49.984606885161696,False,False,False
1,blue_yellow,1,0,26,26,666,79.7434233073911,121.6390678343449,False,False,False
1,blue_yellow,1,0,27,27,667,39.519949389144685,53.759998032069234,False,False,False
1,blue_yellow,1,0,28,28,668,67.22134593679806,89.97611667925865,False,False,False
1,blue_yellow,1,0,29,29,669,30.05065619086268,47.60452649645015,False,False,False
1,blue_yellow,1,0,30,30,670,57.08907037309744,79.36867796733527,False,False,False
1,blue_yellow,1,0,31,31,671,35.82981647249307,65.13168133784598,False,False,False
1,blue_yellow,1,1,0,0,672,59.65418981009569,87.18620539740509,False,False,False
1,blue_yellow,1,1,1,1,673,38.273899718450096,71.55518180392858,False,False,False
1,blue_yellow,1,1,2,2,674,32.028745761973106,49.255853774981546,False,False,False
1,blue_yellow,1,1,3,3,675,94.2994665297961,102.76996610631575,False,False,False
1,blue_yellow,1,1,4,4,676,33.8337246342414,62.46481370344098,False,False,False
1,blue_yellow,1,1,5,5,677,27.44362316185784,48.56380794161835,False,False,False
1,blue_yellow,1,1,6,6,678,83.69992694660178,105.02113819022193,False,False,False
1,blue_yellow,1,1,7,7,679,60.845724031619135,88.60048536192164,False,False,False
1,blue_yellow,1,1,8,8,680,43.560059947814345,86.43732159923009,False,False,False
1,blue_yellow,1,1,9,9,681,84.624534665007,110.18082614054056,False,False,False
1,blue_yellow,1,1,10,10,682,33.86659791728715,56.658321729700695,False,False,False
1,blue_yellow,1,1,11,11,683,47.002774260469245,77.72247826650448,False,False,False
1,blue_yellow,1,1,12,12,684,104.01440717931189,133.66658474195918,False,False,False
1,blue_yellow,1,1,13,13,685,94.37216828170124,116.4019669644118,False,False,False
1,blue_yellow,1,1,14,14,686,86.71130369135173,111.3202227586394,False,False,False
1,blue_yellow,1,1,15,15,687,74.09979913975178,100.57894599157862,False,False,False
1,blue_yellow,1,1,16,16,688,81.8183889821164,110.13745497678042,False,False,False
1,blue_yellow,1,1,17,17,689,77.62484690857035,95.45258841582972,False,False,False
1,blue_yellow,1,1,18,18,690,69.63904731624253,111.42070388846868,False,False,False
1,blue_yellow,1,1,19,19,691,66.47239700948657,83.39301258594485,False,False,False
1,blue_yellow,1,1,20,20,692,45.67729698653526,65.75945937479354,False,False,False
1,blue_yellow,1,1,21,21,693,84.96989831745068,101.32120090366281,False,False,False
1,blue_yellow,1,1,22,22,694,73.56276644006692,93.81961553954957,False,False,False
1,blue_yellow,1,1,23,23,695,86.2516358927186,115.00036196338607,False,False,False
1,blue_yellow,1,1,24,24,696,66.8984164528031,80.56100959536373,False,False,False
1,blue_yellow,1,1,25,25,697,65.56588567991007,95.70779083951216,False,False,False
1,blue_yellow,1,1,26,26,698,77.86368993521012,93.4005625161275,False,False,False
1,blue_yellow,1,1,27,27,699,85.51060969425988,105.62513224113069,False,False,False
1,blue_yellow,1,1,28,28,700,34.94761048428431,57.825604454093835,False,False,False
1,blue_yellow,1,1,29,29,701,34.01008634811508,57.83769592137267,False,False,False
1,blue_yellow,1,1,30,30,702,40.12446215490753,68.03062377333757,False,False,False
1,blue_yellow,1,1,31,31,703,106.0964318474855,134.23682668340172,False,False,False
1,blue_yellow,2,0,0,0,704,42.33548793815999,83.9397552476967,False,False,False
1,blue_yellow,2,0,1,1,705,90.00797047735166,113.2371670160789,False,False,False
1,blue_yellow,2,0,2,2,706,63.89567707252572,86.98566051057395,False,False,False
1,blue_yellow,2,0,3,3,707,60.652103471958725,79.57214271131663,False,False,False
1,blue_yellow,2,0,4,4,708,71.39719625349015,93.9063721208658,False,False,False
1,blue_yellow,2,0,5,5,709,64.25229833877958,112.57809798123105,False,False,False
1,blue_yellow,2,0,6,6,710,67.40755666856906,106.82225599697809,False,False,False
1,blue_yellow,2,0,7,7,711,35.121583634731216,54.47604422850482,False,False,False
1,blue_yellow,2,0,8,8,712,44.388313770197485,65.04078005056924,False,False,False
1,blue_yellow,2,0,9,9,713,49.249543224475275,83.43814068859383,False,False,False
1,blue_yellow,2,0,10,10,714,74.62670928333135,110.29078368239917,False,False,False
1,blue_yellow,2,0,11,11,715,33.77024279567889,54.17205130679832,False,False,False
1,blue_yellow,2,0,12,12,716,67.26831693119294,92.66246544052586,False,False,False
1,blue_yellow,2,0,13,13,717,58.05610613123132,77.13104694563998,False,False,False
1,blue_yellow,2,0,14,14,718,81.80600067238404,100.37843823253118,False,False,False
1,blue_yellow,2,0,15,15,719,75.86647579719425,94.1802443215199,False,False,False
1,blue_yellow,2,0,16,16,720,80.49432765580538,97.56866997007366,False,False,False
1,blue_yellow,2,0,17,17,721,77.86833946901706,89.40418959774995,False,False,False
1,blue_yellow,2,0,18,18,722,93.17015944100972,120.44010737068771,False,False,False
1,blue_yellow,2,0,19,19,723,35.03616005347581,62.000006705892645,False,False,False
1,blue_yellow,2,0,20,20,724,29.557530279673742,50.09680205602474,False,False,False
1,blue_yellow,2,0,21,21,725,48.12127580200576,65.51359112091437,False,False,False
1,blue_yellow,2,0,22,22,726,88.7783602153061,112.98394953520268,False,False,False
1,blue_yellow,2,0,23,23,727,47.77481801180622,76.22006419129573,False,False,False
1,blue_yellow,2,0,24,24,728,70.38893583478998,94.61301456535433,False,False,False
1,blue_yellow,2,0,25,25,729,29.511253788848865,50.007329649002486,False,False,False
1,blue_yellow,2,0,26,26,730,106.60496940731105,121.37221204068737,False,False,False
1,blue_yellow,2,0,27,27,731,75.1036588637108,103.97690492265866,False,False,False
1,blue_yellow,2,0,28,28,732,74.73936763181989,103.37900232204144,False,False,False
1,blue_yellow,2,0,29,29,733,83.37400129171887,104.18602170932607,False,False,False
1,blue_yellow,2,0,30,30,734,44.92635748265563,72.89054442401857,False,False,False
1,blue_yellow,2,0,31,31,735,76.59574800349641,110.47373822088922,False,False,False
1,blue_yellow,2,1,0,0,736,32.939484731035215,58.980888541430176,False,False,False
1,blue_yellow,2,1,1,1,737,89.8733515289941,123.9745347905729,False,False,False
1,blue_yellow,2,1,2,2,738,74.62205638291238,101.61264490183376,False,False,False
1,blue_yellow,2,1,3,3,739,29.071364699617398,54.54313767448251,False,False,False
1,blue_yellow,2,1,4,4,740,251.38995786384,312.98837349945654,True,True,True
1,blue_yellow,2,1,5,5,741,91.28758484419255,113.80133668891351,False,False,False
1,blue_yellow,2,1,6,6,742,50.601492572887054,58.806158986832884,False,False,False
1,blue_yellow,2,1,7,7,743,48.27009325744604,75.5270185001413,False,False,False
1,blue_yellow,2,1,8,8,744,46.96897783686563,83.50915542268763,False,False,False
1,blue_yellow,2,1,9,9,745,74.13383478675878,102.47683773302757,False,False,False
1,blue_yellow,2,1,10,10,746,47.27258390605813,75.43899123849775,False,False,False
1,blue_yellow,2,1,11,11,747,93.39927557279572,122.39514337566223,False,False,False
1,blue_yellow,2,1,12,12,748,46.59108895509665,79.41638816666416,False,False,False
1,blue_yellow,2,1,13,13,749,45.18728167632028,64.53588351502826,False,False,False
1,blue_yellow,2,1,14,14,750,105.6091151312568,127.87793918775154,False,False,False
1,blue_yellow,2,1,15,15,751,92.81161691659925,113.06267337900255,False,False,False
1,blue_yellow,2,1,16,16,752,28.42857322117122,46.89198039709634,False,False,False
1,blue_yellow,2,1,17,17,753,62.215815160504974,83.05289272334683,False,False,False
1,blue_yellow,2,1,18,18,754,86.82225191282222,105.51270377596865,False,False,False
1,blue_yellow,2,1,19,19,755,65.2406047076466,115.72831275702711,False,False,False
1,blue_yellow,2,1,20,20,756,40.86321191110414,71.99989946554979,False,False,False
1,blue_yellow,2,1,21,21,757,35.3950492036324,55.46572108345143,False,False,False
1,blue_yellow,2,1,22,22,758,78.0650249637552,111.71811047915486,False,False,False
1,blue_yellow,2,1,23,23,759,85.12323277791808,106.75565976773187,False,False,False
1,blue_yellow,2,1,24,24,760,47.65544654207578,58.85180204274913,False,False,False
1,blue_yellow,2,1,25,25,761,85.88588989164103,112.02810935543656,False,False,False
1,blue_yellow,2,1,26,26,762,86.86114362958567,100.17461531715479,False,False,False
1,blue_yellow,2,1,27,27,763,83.36648299552995,101.29836736753595,False,False,False
1,blue_yellow,2,1,28,28,764,41.00244374325668,63.36673971434816,False,False,False
1,blue_yellow,2,1,29,29,765,89.52432936847185,115.1458089478398,False,False,False
1,blue_yellow,2,1,30,30,766,87.92791327322637,108.4529419378513,False,False,False
1,blue_yellow,2,1,31,31,767,88.09906736292285,105.53083634151511,False,False,False
1,blue_yellow,3,0,0,0,768,112.55654068246301,139.0236014581299,False,False,False
1,blue_yellow,3,0,1,1,769,72.84418557031664,92.45694178392492,False,False,False
1,blue_yellow,3,0,2,2,770,79.13499950014497,106.2423044556003,False,False,False
1,blue_yellow,3,0,3,3,771,75.81983052755469,95.20172941498925,False,False,False
1,blue_yellow,3,0,4,4,772,52.064000776965834,76.36922854415305,False,False,False
1,blue_yellow,3,0,5,5,773,98.04397001336764,113.79453946099717,False,False,False
1,blue_yellow,3,0,6,6,774,60.481717945078024,90.70900096224634,False,False,False
1,blue_yellow,3,0,7,7,775,44.66811396674487,74.70928991559536,False,False,False
1,blue_yellow,3,0,8,8,776,33.06819484355937,60.37497893342427,False,False,False
1,blue_yellow,3,0,9,9,777,29.905868298900316,50.2455577153759,False,False,False
1,blue_yellow,3,0,10,10,778,25.197080902061934,46.93717551120474,False,False,False
1,blue_yellow,3,0,11,11,779,28.936690448969145,44.29351868249829,False,False,False
1,blue_yellow,3,0,12,12,780,41.087074883468084,68.12893826320337,False,False,False
1,blue_yellow,3,0,13,13,781,103.66273466231632,140.87094203049278,False,False,False
1,blue_yellow,3,0,14,14,782,90.34919823322515,117.39977256668018,False,False,False
1,blue_yellow,3,0,15,15,783,70.32372178889752,93.04117755400898,False,False,False
1,blue_yellow,3,0,16,16,784,33.01182665421636,55.380982136853326,False,False,False
1,blue_yellow,3,0,17,17,785,47.62566738195189,66.31257382412255,False,False,False
1,blue_yellow,3,0,18,18,786,67.54077388969844,76.00372783753609,False,False,False
1,blue_yellow,3,0,19,19,787,88.61505603888853,108.17698724553392,False,False,False
1,blue_yellow,3,0,20,20,788,58.917439613412355,75.40258978773208,False,False,False
1,blue_yellow,3,0,21,21,789,80.9008861746831,103.77338441650005,False,False,False
1,blue_yellow,3,0,22,22,790,32.63637818118,51.95873768520754,False,False,False
1,blue_yellow,3,0,23,23,791,42.5410154422014,73.90433118981673,False,False,False
1,blue_yellow,3,0,24,24,792,93.15702288791874,115.29768674134039,False,False,False
1,blue_yellow,3,0,25,25,793,81.90698553293963,107.00865173572024,False,False,False
1,blue_yellow,3,0,26,26,794,108.36033977422937,136.1346634850076,False,False,False
1,blue_yellow,3,0,27,27,795,42.89181320768575,67.0552889430788,False,False,False
1,blue_yellow,3,0,28,28,796,45.982137899037134,74.0793005417363,False,False,False
1,blue_yellow,3,0,29,29,797,53.70439370404011,86.25057359945457,False,False,False
1,blue_yellow,3,0,30,30,798,52.151252965732915,91.21340849782379,False,False,False
1,blue_yellow,3,0,31,31,799,93.76195632141632,115.5319735897359,False,False,False
1,blue_yellow,3,1,0,0,800,103.34159738236842,128.01787669514215,False,False,False
1,blue_yellow,3,1,1,1,801,54.08024476300294,80.42097749198513,False,False,False
1,blue_yellow,3,1,2,2,802,69.38370154351475,85.00698578300646,False,False,False
1,blue_yellow,3,1,3,3,803,90.2734523591264,117.6269367714629,False,False,False
1,blue_yellow,3,1,4,4,804,43.61654867315603,67.96274507774037,False,False,False
1,blue_yellow,3,1,5,5,805,71.95957631400161,98.37450769341486,False,False,False
1,blue_yellow,3,1,6,6,806,61.452150236050635,80.53453354398947,False,False,False
1,blue_yellow,3,1,7,7,807,84.95131832011546,111.98011086239003,False,False,False
1,blue_yellow,3,1,8,8,808,86.77054735675485,110.46980893752038,False,False,False
1,blue_yellow,3,1,9,9,809,69.6890029644337,93.42877909165118,False,False,False
1,blue_yellow,3,1,10,10,810,58.569039414840475,83.13464551095306,False,False,False
1,blue_yellow,3,1,11,11,811,32.55592343868817,56.20744701971575,False,False,False
1,blue_yellow,3,1,12,12,812,107.47255958763523,127.77075269526983,False,False,False
1,blue_yellow,3,1,13,13,813,94.92578201815934,118.56403541825851,False,False,False
1,blue_yellow,3,1,14,14,814,97.41207801893941,109.28852296706569,False,False,False
1,blue_yellow,3,1,15,15,815,29.635708246029,57.17678675441194,False,False,False
1,blue_yellow,3,1,16,16,816,80.12013548941496,106.88617242515502,False,False,False
1,blue_yellow,3,1,17,17,817,31.884616664821557,60.83821828724085,False,False,False
1,blue_yellow,3,1,18,18,818,83.47514969420145,118.98719806989348,False,False,False
1,blue_yellow,3,1,19,19,819,78.91519485901959,99.43182267912604,False,False,False
1,blue_yellow,3,1,20,20,820,51.60320836447391,74.99085212266826,False,False,False
1,blue_yellow,3,1,21,21,821,76.78916742197521,96.1586799259064,False,False,False
1,blue_yellow,3,1,22,22,822,31.3143361621427,54.92769931122642,False,False,False
1,blue_yellow,3,1,23,23,823,74.03460142737006,107.55835531445854,False,False,False
1,blue_yellow,3,1,24,24,824,32.46038896371963,57.944503156204995,False,False,False
1,blue_yellow,3,1,25,25,825,66.85913559101374,133.28895669211815,False,False,False
1,blue_yellow,3,1,26,26,826,104.81701043536458,130.11186931950655,False,False,False
1,blue_yellow,3,1,27,27,827,63.51480830436604,88.92712728011463,False,False,False
1,blue_yellow,3,1,28,28,828,65.61190284499457,93.51766041483214,False,False,False
1,blue_yellow,3,1,29,29,829,112.55576507438195,136.11898251118058,False,False,False
1,blue_yellow,3,1,30,30,830,43.73933450485971,64.43519124317363,False,False,False
1,blue_yellow,3,1,31,31,831,72.09546486635833,95.49503891639377,False,False,False
1,blue_yellow,4,0,0,0,832,30.13028551512179,48.333619976722986,False,False,False
1,blue_yellow,4,0,1,1,833,43.63389971514534,67.47298497477877,False,False,False
1,blue_yellow,4,0,2,2,834,46.33001947632,64.81945137702732,False,False,False
1,blue_yellow,4,0,3,3,835,43.61156064120658,64.7830590657826,False,False,False
1,blue_yellow,4,0,4,4,836,40.82934331566332,66.611423930672,False,False,False
1,blue_yellow,4,0,5,5,837,33.37501799921374,55.83009833892524,False,False,False
1,blue_yellow,4,0,6,6,838,28.1130284469329,53.26068450596299,False,False,False
1,blue_yellow,4,0,7,7,839,36.71622094068075,57.67453144032737,False,False,False
1,blue_yellow,4,0,8,8,840,34.39538575233642,48.84363117936104,False,False,False
1,blue_yellow,4,0,9,9,841,32.09042272232664,53.154362950412164,False,False,False
1,blue_yellow,4,0,10,10,842,34.62896645957033,59.77231242276574,False,False,False
1,blue_yellow,4,0,11,11,843,27.522629867409385,51.01768080670681,False,False,False
1,blue_yellow,4,0,12,12,844,30.968872654224235,53.67686581541237,False,False,False
1,blue_yellow,4,0,13,13,845,30.742961040358722,49.223760511069884,False,False,False
1,blue_yellow,4,0,14,14,846,35.29661829293565,62.39633134758651,False,False,False
1,blue_yellow,4,0,15,15,847,30.614188398915225,56.70523459269246,False,False,False
1,blue_yellow,4,0,16,16,848,28.75502268096459,44.82141937567374,False,False,False
1,blue_yellow,4,0,17,17,849,23.9802314059892,42.443944159306625,False,False,False
1,blue_yellow,4,0,18,18,850,26.15517049668958,46.59589845707647,False,False,False
1,blue_yellow,4,0,19,19,851,34.51040210749909,54.88803942325913,False,False,False
1,blue_yellow,4,0,20,20,852,26.823539060557174,42.29381587705946,False,False,False
1,blue_yellow,4,0,21,21,853,37.01849556916952,63.86515936454235,False,False,False
1,blue_yellow,4,0,22,22,854,32.72307487040905,56.59774380026893,False,False,False
1,blue_yellow,4,0,23,23,855,31.621041220061752,55.35404422649198,False,False,False
1,blue_yellow,4,0,24,24,856,32.32288674113294,61.19770416324536,False,False,False
1,blue_yellow,4,0,25,25,857,37.19188926508869,60.64957899109171,False,False,False
1,blue_yellow,4,0,26,26,858,30.416676909660072,53.9173826146838,False,False,False
1,blue_yellow,4,0,27,27,859,42.42581838322291,59.9362879862266,False,False,False
1,blue_yellow,4,0,28,28,860,30.726473964148223,57.63058138084742,False,False,False
1,blue_yellow,4,0,29,29,861,40.87829985123081,62.3614979993971,False,False,False
1,blue_yellow,4,0,30,30,862,36.3873454839776,54.348395140256414,False,False,False
1,blue_yellow,4,0,31,31,863,36.166505550003116,65.22006289897817,False,False,False
1,blue_yellow,4,1,0,0,864,38.9414982242139,65.28563975973762,False,False,False
1,blue_yellow,4,1,1,1,865,32.04456161852758,59.50126887100242,False,False,False
1,blue_yellow,4,1,2,2,866,55.39746481658785,85.98539973878565,False,False,False
1,blue_yellow,4,1,3,3,867,38.68038617339401,56.500016813681874,False,False,False
1,blue_yellow,4,1,4,4,868,48.28783871762495,63.35083942750569,False,False,False
1,blue_yellow,4,1,5,5,869,33.455260990483055,55.898121104328894,False,False,False
1,blue_yellow,4,1,6,6,870,37.69595497906121,59.26544753121871,False,False,False
1,blue_yellow,4,1,7,7,871,28.041054023952384,47.56034267123934,False,False,False
1,blue_yellow,4,1,8,8,872,28.882109475656563,53.88531023670502,False,False,False
1,blue_yellow,4,1,9,9,873,27.114185784631903,47.21613814534737,False,False,False
1,blue_yellow,4,1,10,10,874,108.16080897061042,196.80427081194122,False,False,False
1,blue_yellow,4,1,11,11,875,45.824621050329604,67.89187962085244,False,False,False
1,blue_yellow,4,1,12,12,876,49.90529497156622,63.858105369579334,False,False,False
1,blue_yellow,4,1,13,13,877,46.456417278993364,73.12627690656169,False,False,False
1,blue_yellow,4,1,14,14,878,30.100752041820122,47.37546444405432,False,False,False
1,blue_yellow,4,1,15,15,879,32.390894294954094,50.526486783645254,False,False,False
1,blue_yellow,4,1,16,16,880,46.73168817189608,73.29287737945265,False,False,False
1,blue_yellow,4,1,17,17,881,31.610799902940972,53.37086667828838,False,False,False
1,blue_yellow,4,1,18,18,882,35.16883799253335,47.275837099911485,False,False,False
1,blue_yellow,4,1,19,19,883,35.4565758540725,55.70627630278399,False,False,False
1,blue_yellow,4,1,20,20,884,41.66168009361739,64.64423762821316,False,False,False
1,blue_yellow,4,1,21,21,885,47.49068745937522,70.43380138627121,False,False,False
1,blue_yellow,4,1,22,22,886,53.31261719754011,71.03998027272326,False,False,False
1,blue_yellow,4,1,23,23,887,47.930741815638655,72.30873669088014,False,False,False
1,blue_yellow,4,1,24,24,888,42.33030784535551,69.78906242977779,False,False,False
1,blue_yellow,4,1,25,25,889,35.33288526794665,57.82833045452898,False,False,False
1,blue_yellow,4,1,26,26,890,33.90325362433125,53.432256996529695,False,False,False
1,blue_yellow,4,1,27,27,891,35.947178288729994,60.02991931362408,False,False,False
1,blue_yellow,4,1,28,28,892,32.14608093489846,64.16587733987357,False,False,False
1,blue_yellow,4,1,29,29,893,46.32443201264808,65.25297353058536,False,False,False
1,blue_yellow,4,1,30,30,894,26.334681807886668,46.30483871784564,False,False,False
1,blue_yellow,4,1,31,31,895,31.037257982533596,50.6444661660739,False,False,False
1,blue_yellow,5,0,0,0,896,27.97463271501884,49.44560578473515,False,False,False
1,blue_yellow,5,0,1,1,897,70.90849512798916,86.24560871885313,False,False,False
1,blue_yellow,5,0,2,2,898,62.85714839458989,90.95290340341158,False,False,False
1,blue_yellow,5,0,3,3,899,60.12296878499555,79.23468276225208,False,False,False
1,blue_yellow,5,0,4,4,900,37.84352168174789,59.527184090997864,False,False,False
1,blue_yellow,5,0,5,5,901,52.9623409602622,75.6981268968288,False,False,False
1,blue_yellow,5,0,6,6,902,64.53041174337326,114.79309898262107,False,False,False
1,blue_yellow,5,0,7,7,903,81.84495678244052,112.19008911608415,False,False,False
1,blue_yellow,5,0,8,8,904,57.96789005204586,74.97213253741377,False,False,False
1,blue_yellow,5,0,9,9,905,53.9623005765473,83.94863360573189,False,False,False
1,blue_yellow,5,0,10,10,906,70.51831899433107,103.98789643099674,False,False,False
1,blue_yellow,5,0,11,11,907,49.02489475597566,77.06184397637973,False,False,False
1,blue_yellow,5,0,12,12,908,37.26772954693927,59.41031992312011,False,False,False
1,blue_yellow,5,0,13,13,909,33.80549521638554,57.304217570638116,False,False,False
1,blue_yellow,5,0,14,14,910,61.3381034879787,75.49228272329259,False,False,False
1,blue_yellow,5,0,15,15,911,65.37250239191968,91.36362667883321,False,False,False
1,blue_yellow,5,0,16,16,912,45.41095915026402,62.49271313906315,False,False,False
1,blue_yellow,5,0,17,17,913,44.13302413068092,77.81741148388512,False,False,False
1,blue_yellow,5,0,18,18,914,40.81407628740127,66.41392991461615,False,False,False
1,blue_yellow,5,0,19,19,915,37.764311116829816,67.50397557150475,False,False,False
1,blue_yellow,5,0,20,20,916,29.634442594367197,53.29234827184831,False,False,False
1,blue_yellow,5,0,21,21,917,34.544745942359114,67.84504064047222,False,False,False
1,blue_yellow,5,0,22,22,918,33.424565981236036,61.663012109801535,False,False,False
1,blue_yellow,5,0,23,23,919,56.81295558531922,79.90721198635046,False,False,False
1,blue_yellow,5,0,24,24,920,72.56578765164367,117.93277838892882,False,False,False
1,blue_yellow,5,0,25,25,921,41.622385242309115,64.27093681840657,False,False,False
1,blue_yellow,5,0,26,26,922,61.702009054824266,85.50055879001812,False,False,False
1,blue_yellow,5,0,27,27,923,45.66976266340577,80.75248776736765,False,False,False
1,blue_yellow,5,0,28,28,924,80.05072563926367,105.87129226489553,False,False,False
1,blue_yellow,5,0,29,29,925,62.41873268983496,93.85010829569285,False,False,False
1,blue_yellow,5,0,30,30,926,37.39098141507269,52.18285552554435,False,False,False
1,blue_yellow,5,0,31,31,927,49.15491676173419,85.39530311264622,False,False,False
1,blue_yellow,5,1,0,0,928,57.16239644014473,69.60823225468013,False,False,False
1,blue_yellow,5,1,1,1,929,72.87285398701948,85.60956700498443,False,False,False
1,blue_yellow,5,1,2,2,930,67.81742789689312,115.27276631561912,False,False,False
1,blue_yellow,5,1,3,3,931,30.5378413493218,55.56748325880182,False,False,False
1,blue_yellow,5,1,4,4,932,56.59051457598713,80.70740182479804,False,False,False
1,blue_yellow,5,1,5,5,933,29.12347921315857,42.81896581832784,False,False,False
1,blue_yellow,5,1,6,6,934,51.0074668669128,72.69187268370638,False,False,False
1,blue_yellow,5,1,7,7,935,41.78641243847955,58.027452925117885,False,False,False
1,blue_yellow,5,1,8,8,936,52.473910504578015,76.72480355836447,False,False,False
1,blue_yellow,5,1,9,9,937,30.853885307625955,56.28424531669394,False,False,False
1,blue_yellow,5,1,10,10,938,41.331910947534126,71.95554026352801,False,False,False
1,blue_yellow,5,1,11,11,939,38.18457688563211,63.03452603691909,False,False,False
1,blue_yellow,5,1,12,12,940,38.89182463262891,63.821248469815075,False,False,False
1,blue_yellow,5,1,13,13,941,62.785421922727075,84.94016428780054,False,False,False
1,blue_yellow,5,1,14,14,942,31.990706057178915,59.817225677726995,False,False,False
1,blue_yellow,5,1,15,15,943,23.615667186117893,40.24866084927511,False,False,False
1,blue_yellow,5,1,16,16,944,70.31068580608671,111.79601662008741,False,False,False
1,blue_yellow,5,1,17,17,945,88.7865254247216,116.2835586116004,False,False,False
1,blue_yellow,5,1,18,18,946,44.286970693000306,63.2144207116854,False,False,False
1,blue_yellow,5,1,19,19,947,41.93087535040195,61.96639302248711,False,False,False
1,blue_yellow,5,1,20,20,948,57.51854261971125,82.15694863295619,False,False,False
1,blue_yellow,5,1,21,21,949,30.764916174986595,54.40924348797866,False,False,False
1,blue_yellow,5,1,22,22,950,65.95318510762515,93.85347972553538,False,False,False
1,blue_yellow,5,1,23,23,951,28.73493843980843,56.63389796109736,False,False,False
1,blue_yellow,5,1,24,24,952,38.707110518303985,74.03456103386848,False,False,False
1,blue_yellow,5,1,25,25,953,72.98000525208337,92.37616310825963,False,False,False
1,blue_yellow,5,1,26,26,954,50.035498166790035,66.8767729866388,False,False,False
1,blue_yellow,5,1,27,27,955,37.4752701714458,63.660432387744216,False,False,False
1,blue_yellow,5,1,28,28,956,67.01245511448182,99.16641004357248,False,False,False
1,blue_yellow,5,1,29,29,957,82.14048779141037,111.00951943618954,False,False,False
1,blue_yellow,5,1,30,30,958,63.14507477239051,82.47877678608066,False,False,False
1,blue_yellow,5,1,31,31,959,68.36791795502485,89.76160884605648,False,False,False
1,normal,1,0,0,0,0,31.34964153932846,50.41806972803501,False,False,False
1,normal,1,0,1,1,1,28.89566861798175,48.57111867587193,False,False,False
1,normal,1,0,2,2,2,36.68289723224942,61.346641999474315,False,False,False
1,normal,1,0,3,3,3,34.43027763929142,60.20048677376629,False,False,False
1,normal,1,0,4,4,4,33.41426932931686,60.63032348468667,False,False,False
1,normal,1,0,5,5,5,33.97141230100187,48.97228381049721,False,False,False
1,normal,1,0,6,6,6,29.968530191581223,49.3831494851281,False,False,False
1,normal,1,0,7,7,7,27.086398629761305,45.87719567220874,False,False,False
1,normal,1,0,8,8,8,26.38847026988258,43.372392887551506,False,False,False
1,normal,1,0,9,9,9,41.911824170774494,58.793534327380115,False,False,False
1,normal,1,0,10,10,10,25.277903835165308,47.492676362272874,False,False,False
1,normal,1,0,11,11,11,24.824072521467176,48.37274404693909,False,False,False
1,normal,1,0,12,12,12,34.700883821894784,64.27622520437333,False,False,False
1,normal,1,0,13,13,13,36.54850850648384,56.612877716933504,False,False,False
1,normal,1,0,14,14,14,36.80837514082011,59.532610883131525,False,False,False
1,normal,1,0,15,15,15,35.232764723742164,62.486297656905435,False,False,False
1,normal,1,0,16,16,16,30.258353388117442,54.18980379214443,False,False,False
1,normal,1,0,17,17,17,23.108054967168062,42.66957589341475,False,False,False
1,normal,1,0,18,18,18,40.019949227092134,57.02215877829308,False,False,False
1,normal,1,0,19,19,19,34.33739096460386,54.88145173494816,False,False,False
1,normal,1,0,20,20,20,36.271110408670616,55.607174313902306,False,False,False
1,normal,1,0,21,21,21,33.27188560469085,55.496968077264114,False,False,False
1,normal,1,0,22,22,22,32.21796454521609,47.995579270159425,False,False,False
1,normal,1,0,23,23,23,47.123300038066986,55.59573536264068,False,False,False
1,normal,1,0,24,24,24,35.331433238776704,57.13466127703465,False,False,False
1,normal,1,0,25,25,25,35.056501788366475,48.199829872410355,False,False,False
1,normal,1,0,26,26,26,39.90838907606315,72.14413665605164,False,False,False
1,normal,1,0,27,27,27,37.95429043089063,70.04141656122367,False,False,False
1,normal,1,0,28,28,28,33.267722223309654,60.221967981070165,False,False,False
1,normal,1,0,29,29,29,50.10539443041884,70.3766562959598,False,False,False
1,normal,1,0,30,30,30,35.900257878737264,58.256448934602005,False,False,False
1,normal,1,0,31,31,31,42.57416880911133,57.96770655185846,False,False,False
1,normal,1,1,0,0,32,30.011724129770077,50.26063348447994,False,False,False
1,normal,1,1,1,1,33,52.655640245690584,84.11092570894107,False,False,False
1,normal,1,1,2,2,34,33.56904132286217,48.78857190708268,False,False,False
1,normal,1,1,3,3,35,29.81986986204382,52.3678104440544,False,False,False
1,normal,1,1,4,4,36,27.584920651967757,54.751723972067,False,False,False
1,normal,1,1,5,5,37,28.38987790601793,52.972624661743424,False,False,False
1,normal,1,1,6,6,38,33.29392384516318,51.722495930661765,False,False,False
1,normal,1,1,7,7,39,38.87938280570466,56.12249642405757,False,False,False
1,normal,1,1,8,8,40,39.839435110980446,60.52691573769132,False,False,False
1,normal,1,1,9,9,41,29.778318489806818,56.39352652692825,False,False,False
1,normal,1,1,10,10,42,35.815990662685195,63.84841693889567,False,False,False
1,normal,1,1,11,11,43,39.23663508738563,62.63667963575233,False,False,False
1,normal,1,1,12,12,44,35.61810317810305,56.53979256749386,False,False,False
1,normal,1,1,13,13,45,27.25984621875364,45.510367851046844,False,False,False
1,normal,1,1,14,14,46,34.64100141132853,62.025435755895074,False,False,False
1,normal,1,1,15,15,47,32.0577036366113,59.360809454989464,False,False,False
1,normal,1,1,16,16,48,31.429303032913253,50.226301675308534,False,False,False
1,normal,1,1,17,17,49,60.28168791247258,98.17032083852673,False,False,False
1,normal,1,1,18,18,50,28.418712755608443,46.96385602488079,False,False,False
1,normal,1,1,19,19,51,46.9418935288265,64.20623202756391,False,False,False
1,normal,1,1,20,20,52,39.2465833446382,75.34425501379653,False,False,False
1,normal,1,1,21,21,53,32.72640232229216,58.54876165314684,False,False,False
1,normal,1,1,22,22,54,36.06568605079977,65.38569786551567,False,False,False
1,normal,1,1,23,23,55,45.87486579551347,65.88584214867355,False,False,False
1,normal,1,1,24,24,56,44.21888570278908,75.98390859474168,False,False,False
1,normal,1,1,25,25,57,39.35352598166789,61.423002003029296,False,False,False
1,normal,1,1,26,26,58,27.091063280891454,52.54040958511452,False,False,False
1,normal,1,1,27,27,59,27.13463077757971,43.24535978415133,False,False,False
1,normal,1,1,28,28,60,28.992436701120525,49.16218201990378,False,False,False
1,normal,1,1,29,29,61,39.95045014357597,65.30237283022088,False,False,False
1,normal,1,1,30,30,62,42.995045661770135,65.12931565895734,False,False,False
1,normal,1,1,31,31,63,23.771569709000318,45.14354861944372,False,False,False
1,normal,2,0,0,0,64,93.04835530634453,124.22869268793247,False,False,False
1,normal,2,0,1,1,65,34.65408048872054,50.56793072857188,False,False,False
1,normal,2,0,2,2,66,28.57566561365636,48.22486354135174,False,False,False
1,normal,2,0,3,3,67,25.49841480831966,44.77572728416849,False,False,False
1,normal,2,0,4,4,68,42.75525905385355,56.35216913324783,False,False,False
1,normal,2,0,5,5,69,23.972290501125144,44.314943821028464,False,False,False
1,normal,2,0,6,6,70,36.04965207329276,57.66219087321693,False,False,False
1,normal,2,0,7,7,71,190.23168497261972,246.76137046248834,True,True,True
1,normal,2,0,8,8,72,38.549920142847085,58.96049389679584,False,False,False
1,normal,2,0,9,9,73,34.685843362249265,60.96294013207209,False,False,False
1,normal,2,0,10,10,74,38.19997463444315,67.18956953027609,False,False,False
1,normal,2,0,11,11,75,43.53108334664125,70.93736648745582,False,False,False
1,normal,2,0,12,12,76,35.870957781342454,50.04017992186127,False,False,False
1,normal,2,0,13,13,77,43.922409110681954,64.01724836427574,False,False,False
1,normal,2,0,14,14,78,22.748425599135945,42.48348812362769,False,False,False
1,normal,2,0,15,15,79,39.959016595843245,54.97797527747328,False,False,False
1,normal,2,0,16,16,80,31.52080971199836,52.366794673583854,False,False,False
1,normal,2,0,17,17,81,31.569617242160565,42.57906286858728,False,False,False
1,normal,2,0,18,18,82,22.828796552072642,40.401422908717954,False,False,False
1,normal,2,0,19,19,83,47.904636878859264,70.41975472071465,False,False,False
1,normal,2,0,20,20,84,41.58032372219497,57.817934787285864,False,False,False
1,normal,2,0,21,21,85,30.433016949521463,50.443042902052646,False,False,False
1,normal,2,0,22,22,86,50.30691260336798,74.0292031379465,False,False,False
1,normal,2,0,23,23,87,48.750491799347344,65.61469347748263,False,False,False
1,normal,2,0,24,24,88,32.81988056154265,54.334731989065304,False,False,False
1,normal,2,0,25,25,89,32.89229266706487,52.777914672804556,False,False,False
1,normal,2,0,26,26,90,25.698267769753365,47.691706375170554,False,False,False
1,normal,2,0,27,27,91,33.31232360243917,41.12575232111899,False,False,False
1,normal,2,0,28,28,92,53.95730672184938,90.33185903525711,False,False,False
1,normal,2,0,29,29,93,25.75198220121885,46.67786058398515,False,False,False
1,normal,2,0,30,30,94,25.567275973473308,46.60895955451149,False,False,False
1,normal,2,0,31,31,95,28.70026264200615,49.081325939945216,False,False,False
1,normal,2,1,0,0,96,53.5596820785096,99.17197506945205,False,False,False
1,normal,2,1,1,1,97,46.163990349654156,77.70850366230133,False,False,False
1,normal,2,1,2,2,98,50.53725631920658,82.68537939986305,False,False,False
1,normal,2,1,3,3,99,32.55637310551473,62.50623782989317,False,False,False
1,normal,2,1,4,4,100,62.57823665338434,97.68440272340104,False,False,False
1,normal,2,1,5,5,101,39.872511765971026,59.19390155383408,False,False,False
1,normal,2,1,6,6,102,29.609223889781283,42.48905086747157,False,False,False
1,normal,2,1,7,7,103,36.419626756951935,52.14087807707592,False,False,False
1,normal,2,1,8,8,104,43.33310616053742,65.57888306737381,False,False,False
1,normal,2,1,9,9,105,29.972650211805984,54.744797987207996,False,False,False
1,normal,2,1,10,10,106,40.130244696049296,47.22631093061186,False,False,False
1,normal,2,1,11,11,107,33.082869226357225,62.12996918277206,False,False,False
1,normal,2,1,12,12,108,51.51140046058867,73.9883084837984,False,False,False
1,normal,2,1,13,13,109,50.318241479267684,73.14284693621438,False,False,False
1,normal,2,1,14,14,110,48.36954279457837,58.49961251106367,False,False,False
1,normal,2,1,15,15,111,41.65482527124943,65.48077575924829,False,False,False
1,normal,2,1,16,16,112,31.606429812336994,49.505435553378916,False,False,False
1,normal,2,1,17,17,113,48.98822768018991,88.12645829649084,False,False,False
1,normal,2,1,18,18,114,46.91446436418652,78.63956555838536,False,False,False
1,normal,2,1,19,19,115,38.30393779140508,61.58500749288624,False,False,False
1,normal,2,1,20,20,116,45.02094731684477,70.13542209513365,False,False,False
1,normal,2,1,21,21,117,31.90147443007138,57.20783631568462,False,False,False
1,normal,2,1,22,22,118,21.71100292776976,41.475896315024656,False,False,False
1,normal,2,1,23,23,119,39.0954549736794,69.9200299012528,False,False,False
1,normal,2,1,24,24,120,44.7071430521037,70.87761728554364,False,False,False
1,normal,2,1,25,25,121,31.204401690409732,52.313915255813946,False,False,False
1,normal,2,1,26,26,122,35.630858915438886,53.04145546667322,False,False,False
1,normal,2,1,27,27,123,43.70003062119839,81.93219502946337,False,False,False
1,normal,2,1,28,28,124,30.840450322170852,48.622334397161076,False,False,False
1,normal,2,1,29,29,125,31.856813877498578,44.42736799662191,False,False,False
1,normal,2,1,30,30,126,32.84660272537407,51.34789484679107,False,False,False
1,normal,2,1,31,31,127,37.56384334767034,72.60312592803643,False,False,False
1,normal,3,0,0,0,128,28.72359153623384,44.90522047276281,False,False,False
1,normal,3,0,1,1,129,26.96115115853398,50.09853119998273,False,False,False
1,normal,3,0,2,2,130,28.0886684793007,45.01493005234096,False,False,False
1,normal,3,0,3,3,131,30.50877067286643,55.062879713081216,False,False,False
1,normal,3,0,4,4,132,23.987409346865128,46.24748796809598,False,False,False
1,normal,3,0,5,5,133,20.729454116916386,36.78776428246518,False,False,False
1,normal,3,0,6,6,134,32.71745544751452,54.65894699024621,False,False,False
1,normal,3,0,7,7,135,32.17525835568245,61.6369820012751,False,False,False
1,normal,3,0,8,8,136,30.166498646536507,48.996984533010995,False,False,False
1,normal,3,0,9,9,137,25.522057975918177,45.03651323562559,False,False,False
1,normal,3,0,10,10,138,25.499474715884777,41.87751701182144,False,False,False
1,normal,3,0,11,11,139,28.167110189846962,42.57781636135704,False,False,False
1,normal,3,0,12,12,140,37.59869019780183,55.493924686197445,False,False,False
1,normal,3,0,13,13,141,40.68160807630499,61.252881358090406,False,False,False
1,normal,3,0,14,14,142,30.104296850648563,55.75933319196325,False,False,False
1,normal,3,0,15,15,143,33.34480032629557,44.55206933407131,False,False,False
1,normal,3,0,16,16,144,28.163472153791897,45.27699781280509,False,False,False
1,normal,3,0,17,17,145,27.73150648612281,44.230499830186325,False,False,False
1,normal,3,0,18,18,146,33.28215567687193,61.557816407139086,False,False,False
1,normal,3,0,19,19,147,30.04159899199347,57.15446443676808,False,False,False
1,normal,3,0,20,20,148,31.809780479705513,47.40591205958893,False,False,False
1,normal,3,0,21,21,149,23.247157468145048,36.868189996056685,False,False,False
1,normal,3,0,22,22,150,23.4176341152218,42.331603199738176,False,False,False
1,normal,3,0,23,23,151,35.733652803349216,65.95160002505865,False,False,False
1,normal,3,0,24,24,152,25.927528025604232,47.04788031602426,False,False,False
1,normal,3,0,25,25,153,36.76883835323105,56.194610560140546,False,False,False
1,normal,3,0,26,26,154,27.440093788381425,46.48810843663942,False,False,False
1,normal,3,0,27,27,155,29.709413666867462,52.812112770206916,False,False,False
1,normal,3,0,28,28,156,32.029144004854444,47.687867362812156,False,False,False
1,normal,3,0,29,29,157,29.235110844656354,51.438210681035414,False,False,False
1,normal,3,0,30,30,158,21.926477946319135,42.988428175984296,False,False,False
1,normal,3,0,31,31,159,25.74148050586408,43.47453443823421,False,False,False
1,normal,3,1,0,0,160,30.098052882894084,51.505568649308984,False,False,False
1,normal,3,1,1,1,161,26.86724630306309,45.965903695406034,False,False,False
1,normal,3,1,2,2,162,29.5739115879519,54.491075647949145,False,False,False
1,normal,3,1,3,3,163,30.085633150952127,59.370729199322085,False,False,False
1,normal,3,1,4,4,164,37.741657843630726,45.30880759189811,False,False,False
1,normal,3,1,5,5,165,25.792205872748458,50.8453732446118,False,False,False
1,normal,3,1,6,6,166,21.541393444708493,38.951938374639234,False,False,False
1,normal,3,1,7,7,167,38.025425125824405,52.3643466687742,False,False,False
1,normal,3,1,8,8,168,25.451339927077292,43.30898220330828,False,False,False
1,normal,3,1,9,9,169,27.27956134479452,43.5852011743394,False,False,False
1,normal,3,1,10,10,170,28.843206075618472,45.61474034044557,False,False,False
1,normal,3,1,11,11,171,25.14309557957153,37.86323172939433,False,False,False
1,normal,3,1,12,12,172,30.07634856544025,47.194857839616475,False,False,False
1,normal,3,1,13,13,173,28.111476105882794,49.35185693675454,False,False,False
1,normal,3,1,14,14,174,29.187025510668533,54.84171590116428,False,False,False
1,normal,3,1,15,15,175,30.71284538445329,57.65786678526122,False,False,False
1,normal,3,1,16,16,176,39.67531247741883,64.04048127289673,False,False,False
1,normal,3,1,17,17,177,29.103319898580352,51.32460282021053,False,False,False
1,normal,3,1,18,18,178,27.534301461047523,47.19077595316966,False,False,False
1,normal,3,1,19,19,179,27.62130202716211,44.73941650561348,False,False,False
1,normal,3,1,20,20,180,32.85429879677699,57.22931333984377,False,False,False
1,normal,3,1,21,21,181,28.192987336430974,48.906356000648515,False,False,False
1,normal,3,1,22,22,182,23.85497067985498,39.032847652381015,False,False,False
1,normal,3,1,23,23,183,28.795811445372028,50.12751500725522,False,False,False
1,normal,3,1,24,24,184,24.546869122244267,38.55797564958626,False,False,False
1,normal,3,1,25,25,185,33.62248985982284,51.352714451717915,False,False,False
1,normal,3,1,26,26,186,32.47540075208027,56.059992670396795,False,False,False
1,normal,3,1,27,27,187,25.04315165377843,37.39316129049499,False,False,False
1,normal,3,1,28,28,188,41.30394593193103,81.52994478152715,False,False,False
1,normal,3,1,29,29,189,37.711521350424796,58.47735314967313,False,False,False
1,normal,3,1,30,30,190,31.738631488322007,57.2969720858996,False,False,False
1,normal,3,1,31,31,191,30.109028752619693,42.44611309321425,False,False,False
1,normal,4,0,0,0,192,30.02842227578376,52.29874420505149,False,False,False
1,normal,4,0,1,1,193,27.101115984259042,46.7226018279177,False,False,False
1,normal,4,0,2,2,194,59.875934915633685,88.53067893591857,False,False,False
1,normal,4,0,3,3,195,27.326655055534065,42.69302513026008,False,False,False
1,normal,4,0,4,4,196,36.24483055951134,58.64285284626155,False,False,False
1,normal,4,0,5,5,197,21.744134263836404,40.00352235683153,False,False,False
1,normal,4,0,6,6,198,27.371127163304735,43.18643358211987,False,False,False
1,normal,4,0,7,7,199,32.239346111595545,43.09027245475912,False,False,False
1,normal,4,0,8,8,200,22.035725305658108,35.90945933517056,False,False,False
1,normal,4,0,9,9,201,30.875590721731143,48.548459786316144,False,False,False
1,normal,4,0,10,10,202,27.981066138549853,46.7951911654858,False,False,False
1,normal,4,0,11,11,203,24.056764735425002,39.08560575387139,False,False,False
1,normal,4,0,12,12,204,30.103415506828203,44.173956236147646,False,False,False
1,normal,4,0,13,13,205,26.776275349207296,52.5682366065303,False,False,False
1,normal,4,0,14,14,206,28.33461821318628,47.93215679974759,False,False,False
1,normal,4,0,15,15,207,21.79629142697553,39.580314293949854,False,False,False
1,normal,4,0,16,16,208,26.71325184920642,50.012793631626735,False,False,False
1,normal,4,0,17,17,209,25.724313920587875,40.729338386608546,False,False,False
1,normal,4,0,18,18,210,32.44023706280277,49.69739343939541,False,False,False
1,normal,4,0,19,19,211,31.429088819538833,47.72606722827484,False,False,False
1,normal,4,0,20,20,212,24.284624257586213,43.8023296633892,False,False,False
1,normal,4,0,21,21,213,32.80107398391305,48.54885206467125,False,False,False
1,normal,4,0,22,22,214,26.59288529645085,47.98999569767551,False,False,False
1,normal,4,0,23,23,215,34.14117811865025,56.018912732108674,False,False,False
1,normal,4,0,24,24,216,33.55398040291662,54.50494248554757,False,False,False
1,normal,4,0,25,25,217,22.503988359618457,39.78052955094028,False,False,False
1,normal,4,0,26,26,218,25.358288563806884,47.16088346100197,False,False,False
1,normal,4,0,27,27,219,30.892102123977246,53.8608300559237,False,False,False
1,normal,4,0,28,28,220,30.30955227611518,44.2671181253707,False,False,False
1,normal,4,0,29,29,221,27.003149374335607,42.573575036175555,False,False,False
1,normal,4,0,30,30,222,22.708171712019027,40.968549257552986,False,False,False
1,normal,4,0,31,31,223,36.063655136775076,62.68035960657085,False,False,False
1,normal,4,1,0,0,224,25.682351258453785,41.9221219842056,False,False,False
1,normal,4,1,1,1,225,28.589502899547426,52.244321727903724,False,False,False
1,normal,4,1,2,2,226,33.908017682297896,59.4338825745556,False,False,False
1,normal,4,1,3,3,227,21.859633015852918,40.99936357117037,False,False,False
1,normal,4,1,4,4,228,30.84271789132768,43.867036619918395,False,False,False
1,normal,4,1,5,5,229,30.766320068063056,50.39634952010272,False,False,False
1,normal,4,1,6,6,230,28.667158793459574,46.90885924524727,False,False,False
1,normal,4,1,7,7,231,33.77667570787185,55.85138434923303,False,False,False
1,normal,4,1,8,8,232,28.631606683309638,41.220880494133766,False,False,False
1,normal,4,1,9,9,233,20.731895384138546,35.55926196857086,False,False,False
1,normal,4,1,10,10,234,33.23277308814759,57.355681318936234,False,False,False
1,normal,4,1,11,11,235,22.039568514908183,37.11363726387545,False,False,False
1,normal,4,1,12,12,236,29.66210232587767,50.22509836165978,False,False,False
1,normal,4,1,13,13,237,27.3226927013892,41.77395784217666,False,False,False
1,normal,4,1,14,14,238,24.3130210501643,36.525026384926306,False,False,False
1,normal,4,1,15,15,239,24.818147349466685,42.39211843890269,False,False,False
1,normal,4,1,16,16,240,26.36470382822989,48.08049455304194,False,False,False
1,normal,4,1,17,17,241,24.10329048850512,44.800239256005405,False,False,False
1,normal,4,1,18,18,242,25.99214471000201,46.51428482588467,False,False,False
1,normal,4,1,19,19,243,64.63350909210833,94.27794388432966,False,False,False
1,normal,4,1,20,20,244,26.670721947092026,48.49629369547813,False,False,False
1,normal,4,1,21,21,245,34.654399724024984,67.21951423932477,False,False,False
1,normal,4,1,22,22,246,34.48048710849873,59.730253612046376,False,False,False
1,normal,4,1,23,23,247,22.576000605680047,37.46513576012066,False,False,False
1,normal,4,1,24,24,248,46.42838361908551,76.73445807717401,False,False,False
1,normal,4,1,25,25,249,28.24002148362927,51.21303690065839,False,False,False
1,normal,4,1,26,26,250,20.472529296897026,38.77795927499113,False,False,False
1,normal,4,1,27,27,251,26.63175526885641,43.100156267906044,False,False,False
1,normal,4,1,28,28,252,29.069628514419193,40.328409705080645,False,False,False
1,normal,4,1,29,29,253,46.5915566509859,66.47085436291384,False,False,False
1,normal,4,1,30,30,254,42.769600240544314,53.62072376970191,False,False,False
1,normal,4,1,31,31,255,21.592753923372957,41.860334371290236,False,False,False
1,normal,5,0,0,0,256,28.44178623000516,49.40635415726472,False,False,False
1,normal,5,0,1,1,257,33.96336725017208,56.16783319591869,False,False,False
1,normal,5,0,2,2,258,38.599209309759054,65.17149842002578,False,False,False
1,normal,5,0,3,3,259,33.60511296029661,45.77046636918905,False,False,False
1,normal,5,0,4,4,260,54.29500133795211,76.43868023216204,False,False,False
1,normal,5,0,5,5,261,26.47386651229782,49.14631964886048,False,False,False
1,normal,5,0,6,6,262,38.08732715713769,59.05266736673459,False,False,False
1,normal,5,0,7,7,263,35.74871990473777,41.634248487809444,False,False,False
1,normal,5,0,8,8,264,38.333297745087776,57.987225798092,False,False,False
1,normal,5,0,9,9,265,28.17016448673867,54.7760102277888,False,False,False
1,normal,5,0,10,10,266,27.373151373993988,51.69808367228035,False,False,False
1,normal,5,0,11,11,267,34.35662354954847,48.435652539700754,False,False,False
1,normal,5,0,12,12,268,34.41403888481548,55.99410789158141,False,False,False
1,normal,5,0,13,13,269,28.975977014481025,52.12382991036078,False,False,False
1,normal,5,0,14,14,270,25.354736276929998,48.708276151061796,False,False,False
1,normal,5,0,15,15,271,37.24266023251158,71.7389437060109,False,False,False
1,normal,5,0,16,16,272,31.871849849304553,55.69137481955226,False,False,False
1,normal,5,0,17,17,273,22.967385935064602,38.20641258333937,False,False,False
1,normal,5,0,18,18,274,34.8741176178612,52.29955966962065,False,False,False
1,normal,5,0,19,19,275,61.31853434484366,80.74877067242289,False,False,False
1,normal,5,0,20,20,276,30.18898080556929,56.98573933785859,False,False,False
1,normal,5,0,21,21,277,28.952412731572647,46.235892490662216,False,False,False
1,normal,5,0,22,22,278,39.822664367083924,68.75159628204221,False,False,False
1,normal,5,0,23,23,279,58.46979353630453,73.7750265416238,False,False,False
1,normal,5,0,24,24,280,37.27493712662345,50.81648474828407,False,False,False
1,normal,5,0,25,25,281,32.85421596247059,58.05203407297532,False,False,False
1,normal,5,0,26,26,282,44.85346370421869,69.07608942327474,False,False,False
1,normal,5,0,27,27,283,33.84378899042663,50.294072178624035,False,False,False
1,normal,5,0,28,28,284,41.53497077952622,61.63957590339368,False,False,False
1,normal,5,0,29,29,285,51.30466454824929,91.37248762737622,False,False,False
1,normal,5,0,30,30,286,33.29889118104763,54.22708328532735,False,False,False
1,normal,5,0,31,31,287,26.924132679672145,49.3838635437838,False,False,False
1,normal,5,1,0,0,288,31.00069134110539,49.74862787774387,False,False,False
1,normal,5,1,1,1,289,32.7065175524266,50.25149334885829,False,False,False
1,normal,5,1,2,2,290,29.442307822194778,57.796398260691,False,False,False
1,normal,5,1,3,3,291,42.54455574536901,74.3292914893505,False,False,False
1,normal,5,1,4,4,292,31.63074476086962,51.35151894516407,False,False,False
1,normal,5,1,5,5,293,34.5854464903995,48.45512599557703,False,False,False
1,normal,5,1,6,6,294,37.22289977664995,55.948709942012606,False,False,False
1,normal,5,1,7,7,295,32.82385911714516,61.244854361456916,False,False,False
1,normal,5,1,8,8,296,26.174787339057648,45.11720383051646,False,False,False
1,normal,5,1,9,9,297,34.11860277001328,59.52409057132277,False,False,False
1,normal,5,1,10,10,298,23.930170946046765,44.632759027648035,False,False,False
1,normal,5,1,11,11,299,24.98245343315316,42.936710521836105,False,False,False
1,normal,5,1,12,12,300,33.28644174109907,57.39646833819661,False,False,False
1,normal,5,1,13,13,301,21.6967630719379,40.12981929933815,False,False,False
1,normal,5,1,14,14,302,23.039048120608925,44.72865860901658,False,False,False
1,normal,5,1,15,15,303,33.20335851625472,62.00570535227975,False,False,False
1,normal,5,1,16,16,304,33.69420144020235,55.496739426582394,False,False,False
1,normal,5,1,17,17,305,33.18075922402649,41.456636160074986,False,False,False
1,normal,5,1,18,18,306,26.051133668344153,40.55185804928857,False,False,False
1,normal,5,1,19,19,307,27.07582037157934,49.3735027293827,False,False,False
1,normal,5,1,20,20,308,26.059056420114956,48.93030570549546,False,False,False
1,normal,5,1,21,21,309,34.46523473686551,59.20735335049034,False,False,False
1,normal,5,1,22,22,310,32.552360017998694,49.88392533174311,False,False,False
1,normal,5,1,23,23,311,24.63638713755631,46.50157423253172,False,False,False
1,normal,5,1,24,24,312,32.80964600934729,59.03857065262262,False,False,False
1,normal,5,1,25,25,313,35.10672375623614,63.407996327517665,False,False,False
1,normal,5,1,26,26,314,38.62374398331921,59.04013240173686,False,False,False
1,normal,5,1,27,27,315,36.54538753700161,54.229653956419305,False,False,False
1,normal,5,1,28,28,316,23.589590315535315,43.92549911232243,False,False,False
1,normal,5,1,29,29,317,25.413328894517456,41.98321187443722,False,False,False
1,normal,5,1,30,30,318,27.2046141833178,42.42234201807926,False,False,False
1,normal,5,1,31,31,319,25.814772779031134,45.584707642006194,False,False,False
1,red_green,1,0,0,0,320,157.9861926637671,180.2241342568791,True,False,True
1,red_green,1,0,1,1,321,89.96606119354813,115.13445752145583,False,False,False
1,red_green,1,0,2,2,322,59.89013385162201,87.96727578463353,False,False,False
1,red_green,1,0,3,3,323,67.98417446042008,92.34777110652428,False,False,False
1,red_green,1,0,4,4,324,116.55942108651105,143.46810227913286,False,False,False
1,red_green,1,0,5,5,325,188.22132597470778,207.6332647626086,True,True,True
1,red_green,1,0,6,6,326,157.04873334502884,175.7351328805492,True,False,True
1,red_green,1,0,7,7,327,177.93913480887477,204.28181863916626,True,True,True
1,red_green,1,0,8,8,328,54.02867983980579,77.78449663179356,False,False,False
1,red_green,1,0,9,9,329,164.845194286821,182.20437655547934,True,False,True
1,red_green,1,0,10,10,330,161.3666155698535,180.86080521465635,True,False,True
1,red_green,1,0,11,11,331,73.71672469254464,97.75637242642674,False,False,False
1,red_green,1,0,12,12,332,63.46733458378127,82.91610433689607,False,False,False
1,red_green,1,0,13,13,333,170.71020241573925,193.9969790002785,True,False,True
1,red_green,1,0,14,14,334,176.73962868551658,203.1340684503928,True,True,True
1,red_green,1,0,15,15,335,164.52156357118292,187.62384063234396,True,False,True
1,red_green,1,0,16,16,336,94.38077567048705,110.83688201541726,False,False,False
1,red_green,1,0,17,17,337,132.84644080723277,148.63777030997278,True,False,True
1,red_green,1,0,18,18,338,53.04456775317855,75.65854492699526,False,False,False
1,red_green,1,0,19,19,339,163.0159651276782,183.63349381756154,True,False,True
1,red_green,1,0,20,20,340,184.41541033533105,204.72409524065353,True,True,True
1,red_green,1,0,21,21,341,110.693550203576,145.73162632698364,False,False,False
1,red_green,1,0,22,22,342,111.62636411374548,131.94882189768822,False,False,False
1,red_green,1,0,23,23,343,178.014134628279,200.428522947332,True,True,True
1,red_green,1,0,24,24,344,170.2017869635805,212.0679509250182,True,True,True
1,red_green,1,0,25,25,345,164.78551918325957,187.4943438443442,True,False,True
1,red_green,1,0,26,26,346,141.93404480908114,175.24404589553185,True,False,True
1,red_green,1,0,27,27,347,91.16210629387976,115.74620624844712,False,False,False
1,red_green,1,0,28,28,348,148.73639242610037,179.39117460292647,True,False,True
1,red_green,1,0,29,29,349,41.38445234617934,60.168095299118725,False,False,False
1,red_green,1,0,30,30,350,138.99892614567625,167.0454871880884,True,False,True
1,red_green,1,0,31,31,351,72.20035429085493,96.59977871487715,False,False,False
1,red_green,1,1,0,0,352,47.479412662199714,71.71626479044333,False,False,False
1,red_green,1,1,1,1,353,123.34037272208344,140.75473823634127,True,False,True
1,red_green,1,1,2,2,354,154.3120382091447,174.48333819976293,True,False,True
1,red_green,1,1,3,3,355,185.76561952132406,204.02518859550872,True,True,True
1,red_green,1,1,4,4,356,51.63856489618258,69.4067339679045,False,False,False
1,red_green,1,1,5,5,357,47.21659354806167,70.45874807816548,False,False,False
1,red_green,1,1,6,6,358,181.71889151472016,210.7702444945079,True,True,True
1,red_green,1,1,7,7,359,87.04153040346802,118.78429224334067,False,False,False
1,red_green,1,1,8,8,360,127.90207479515843,155.9903843854107,True,False,True
1,red_green,1,1,9,9,361,112.57695726718616,150.29552251392812,False,False,False
1,red_green,1,1,10,10,362,129.55990977343387,152.04696900019616,True,False,True
1,red_green,1,1,11,11,363,128.05578367522327,154.6726840890797,True,False,True
1,red_green,1,1,12,12,364,124.19218807886126,159.46178151362722,True,False,True
1,red_green,1,1,13,13,365,149.3230751917988,172.58259275700823,True,False,True
1,red_green,1,1,14,14,366,42.20499365528654,55.42766374972251,False,False,False
1,red_green,1,1,15,15,367,193.7911038507995,222.55745404917502,True,True,True
1,red_green,1,1,16,16,368,164.10101047450715,183.48175734172958,True,False,True
1,red_green,1,1,17,17,369,226.72104115914289,206.41353235956174,True,True,True
1,red_green,1,1,18,18,370,145.37793964666446,175.02981235560208,True,False,True
1,red_green,1,1,19,19,371,164.01012026106142,183.87679231564692,True,False,True
1,red_green,1,1,20,20,372,100.1482394538439,157.57026791327544,False,False,False
1,red_green,1,1,21,21,373,182.1925135933498,214.1803820232215,True,True,True
1,red_green,1,1,22,22,374,158.15134569575588,182.3617784278253,True,False,True
1,red_green,1,1,23,23,375,74.38066075205295,102.16034842651085,False,False,False
1,red_green,1,1,24,24,376,183.35505157969357,210.63333607758673,True,True,True
1,red_green,1,1,25,25,377,37.79386237647898,63.977310575405134,False,False,False
1,red_green,1,1,26,26,378,59.5227010963226,85.92568660993385,False,False,False
1,red_green,1,1,27,27,379,154.32440062448282,176.53521401414352,True,False,True
1,red_green,1,1,28,28,380,75.2632377546916,95.74474998585518,False,False,False
1,red_green,1,1,29,29,381,91.98404027559414,122.74411895613908,False,False,False
1,red_green,1,1,30,30,382,94.65248595044741,120.04841089020343,False,False,False
1,red_green,1,1,31,31,383,24.08871635172634,43.650554594194894,False,False,False
1,red_green,2,0,0,0,384,55.80355417726926,96.91646236223204,False,False,False
1,red_green,2,0,1,1,385,61.23286120554812,81.58535479181177,False,False,False
1,red_green,2,0,2,2,386,46.3217973731481,70.29997920521103,False,False,False
1,red_green,2,0,3,3,387,49.157792560588724,69.0920019619794,False,False,False
1,red_green,2,0,4,4,388,44.208193562578245,78.45927721788559,False,False,False
1,red_green,2,0,5,5,389,31.67879459720747,62.90314039980399,False,False,False
1,red_green,2,0,6,6,390,30.461277643447346,52.6408412124929,False,False,False
1,red_green,2,0,7,7,391,35.9650664231633,62.72808994584058,False,False,False
1,red_green,2,0,8,8,392,30.4901309181663,57.07698347626212,False,False,False
1,red_green,2,0,9,9,393,50.079992960045935,79.87061978631613,False,False,False
1,red_green,2,0,10,10,394,47.28110437088611,68.81130673662138,False,False,False
1,red_green,2,0,11,11,395,36.86409249183056,60.61116082209311,False,False,False
1,red_green,2,0,12,12,396,26.30005247068096,43.249688309977195,False,False,False
1,red_green,2,0,13,13,397,35.98640985598131,56.43407681052132,False,False,False
1,red_green,2,0,14,14,398,33.38630810587463,59.43152444007695,False,False,False
1,red_green,2,0,15,15,399,33.50845597530357,60.73550087062041,False,False,False
1,red_green,2,0,16,16,400,32.94014057092719,54.78262976857795,False,False,False
1,red_green,2,0,17,17,401,32.92860749933844,49.550034119680916,False,False,False
1,red_green,2,0,18,18,402,26.532078123035582,47.000574987528985,False,False,False
1,red_green,2,0,19,19,403,45.25706904406641,72.70579416499281,False,False,False
1,red_green,2,0,20,20,404,29.202197926541636,47.75356483569371,False,False,False
1,red_green,2,0,21,21,405,26.793098468183743,48.244476278280445,False,False,False
1,red_green,2,0,22,22,406,34.810188876412155,51.215652512470115,False,False,False
1,red_green,2,0,23,23,407,68.87299339450912,128.88713358769445,False,False,False
1,red_green,2,0,24,24,408,35.981971089709134,65.73140955898023,False,False,False
1,red_green,2,0,25,25,409,36.31575575896457,60.44037677851255,False,False,False
1,red_green,2,0,26,26,410,41.456505799943365,73.62797456144676,False,False,False
1,red_green,2,0,27,27,411,44.874648524016216,77.76302537676017,False,False,False
1,red_green,2,0,28,28,412,50.13079365917991,95.29632721570827,False,False,False
1,red_green,2,0,29,29,413,37.45003300341628,54.75125383298172,False,False,False
1,red_green,2,0,30,30,414,32.43981410504299,54.535365660051696,False,False,False
1,red_green,2,0,31,31,415,34.16203712421339,59.42744419079784,False,False,False
1,red_green,2,1,0,0,416,37.62425453998538,72.13383796695416,False,False,False
1,red_green,2,1,1,1,417,36.6892223698675,54.085049653888476,False,False,False
1,red_green,2,1,2,2,418,26.52561405050946,46.28987542187854,False,False,False
1,red_green,2,1,3,3,419,43.42025554726216,72.6797569487324,False,False,False
1,red_green,2,1,4,4,420,44.19186542117331,85.22327868031581,False,False,False
1,red_green,2,1,5,5,421,40.68826240787125,63.90098577079189,False,False,False
1,red_green,2,1,6,6,422,26.718926479718125,48.67905169315656,False,False,False
1,red_green,2,1,7,7,423,38.10315622512458,57.10527716571265,False,False,False
1,red_green,2,1,8,8,424,48.63587976675947,75.99769791399805,False,False,False
1,red_green,2,1,9,9,425,40.39590814122706,65.23995892532874,False,False,False
1,red_green,2,1,10,10,426,36.2143250308627,60.618710005164445,False,False,False
1,red_green,2,1,11,11,427,27.695892628022165,51.326474236871974,False,False,False
1,red_green,2,1,12,12,428,28.957475132825753,57.555370292068446,False,False,False
1,red_green,2,1,13,13,429,31.878746566324395,51.83122852422491,False,False,False
1,red_green,2,1,14,14,430,36.764046488495914,64.85348817926925,False,False,False
1,red_green,2,1,15,15,431,44.918648117778375,73.50777903821788,False,False,False
1,red_green,2,1,16,16,432,45.8596685778818,68.79249419540156,False,False,False
1,red_green,2,1,17,17,433,30.2309188565872,52.149916880959225,False,False,False
1,red_green,2,1,18,18,434,43.64543823810276,84.72250197168512,False,False,False
1,red_green,2,1,19,19,435,37.501385444471275,64.47656461661336,False,False,False
1,red_green,2,1,20,20,436,50.83854067469026,98.93414558570957,False,False,False
1,red_green,2,1,21,21,437,37.047747041114846,70.07454257494938,False,False,False
1,red_green,2,1,22,22,438,37.576755603227554,54.39698960225039,False,False,False
1,red_green,2,1,23,23,439,29.93929345332647,51.63939437026039,False,False,False
1,red_green,2,1,24,24,440,38.74280183457553,69.00456146713648,False,False,False
1,red_green,2,1,25,25,441,34.100071275993834,61.2801619249801,False,False,False
1,red_green,2,1,26,26,442,45.86020280692167,66.74205381499603,False,False,False
1,red_green,2,1,27,27,443,49.87165994208752,83.34681593012846,False,False,False
1,red_green,2,1,28,28,444,38.148346848570604,64.62567279938487,False,False,False
1,red_green,2,1,29,29,445,28.15308264160768,50.245009253789306,False,False,False
1,red_green,2,1,30,30,446,35.243808943076885,57.60461100422752,False,False,False
1,red_green,2,1,31,31,447,40.19293100543537,60.733823961360116,False,False,False
1,red_green,3,0,0,0,448,47.684643573251336,86.80497354032497,False,False,False
1,red_green,3,0,1,1,449,46.31896667221591,67.78855081600827,False,False,False
1,red_green,3,0,2,2,450,45.6632688935385,73.55513650755285,False,False,False
1,red_green,3,0,3,3,451,39.53513037314453,60.74669220097232,False,False,False
1,red_green,3,0,4,4,452,44.86078151455298,85.9789755948021,False,False,False
1,red_green,3,0,5,5,453,42.875968008799305,77.08719506963453,False,False,False
1,red_green,3,0,6,6,454,35.9120975475124,61.17623719896086,False,False,False
1,red_green,3,0,7,7,455,44.5539914561581,68.99728890394499,False,False,False
1,red_green,3,0,8,8,456,36.09637556034854,62.24523054751526,False,False,False
1,red_green,3,0,9,9,457,37.0299053099422,69.8659828459791,False,False,False
1,red_green,3,0,10,10,458,43.18908732899648,78.2936305048542,False,False,False
1,red_green,3,0,11,11,459,30.75335728313416,52.71748251382348,False,False,False
1,red_green,3,0,12,12,460,46.16708099409481,66.77375382979912,False,False,False
1,red_green,3,0,13,13,461,37.695418793328024,57.48132756954942,False,False,False
1,red_green,3,0,14,14,462,48.39406721859451,68.36642271489002,False,False,False
1,red_green,3,0,15,15,463,37.918118315616034,66.39408551977576,False,False,False
1,red_green,3,0,16,16,464,39.379415685839504,76.89170114433296,False,False,False
1,red_green,3,0,17,17,465,47.53688484325815,78.99383770628569,False,False,False
1,red_green,3,0,18,18,466,32.6127637455288,58.99761070509056,False,False,False
1,red_green,3,0,19,19,467,42.222788595278786,66.66661094820967,False,False,False
1,red_green,3,0,20,20,468,39.6351888875341,58.56871835611367,False,False,False
1,red_green,3,0,21,21,469,33.49207928316373,65.21981129620747,False,False,False
1,red_green,3,0,22,22,470,37.71370886516321,72.34079338947157,False,False,False
1,red_green,3,0,23,23,471,26.53865265221107,49.95139165768332,False,False,False
1,red_green,3,0,24,24,472,34.90262274070856,64.17120501642856,False,False,False
1,red_green,3,0,25,25,473,37.09043214190406,65.29836054800185,False,False,False
1,red_green,3,0,26,26,474,51.544732538880304,75.32762133609322,False,False,False
1,red_green,3,0,27,27,475,36.10636990273594,66.43168270838123,False,False,False
1,red_green,3,0,28,28,476,30.633969430021597,56.427779158542066,False,False,False
1,red_green,3,0,29,29,477,27.04004532878978,48.680797107217685,False,False,False
1,red_green,3,0,30,30,478,32.581353691320665,59.071248923235515,False,False,False
1,red_green,3,0,31,31,479,34.831388643954554,48.228161528382195,False,False,False
1,red_green,3,1,0,0,480,33.46236876597098,53.70404545252188,False,False,False
1,red_green,3,1,1,1,481,25.794150744265455,51.48852482214633,False,False,False
1,red_green,3,1,2,2,482,30.700521319520423,58.90485390968558,False,False,False
1,red_green,3,1,3,3,483,30.98623449188117,58.228226521556834,False,False,False
1,red_green,3,1,4,4,484,41.84541485136861,78.03353797223818,False,False,False
1,red_green,3,1,5,5,485,31.212000963789528,46.66849157664848,False,False,False
1,red_green,3,1,6,6,486,33.41287676745025,63.335393434531355,False,False,False
1,red_green,3,1,7,7,487,28.569670048701493,50.811819972858075,False,False,False
1,red_green,3,1,8,8,488,48.69757499325649,64.06951779915981,False,False,False
1,red_green,3,1,9,9,489,33.128898828654016,59.08469862104851,False,False,False
1,red_green,3,1,10,10,490,32.875038178482285,62.86720761655944,False,False,False
1,red_green,3,1,11,11,491,38.48532408172731,59.95624620866247,False,False,False
1,red_green,3,1,12,12,492,52.27301027006921,80.4450409133042,False,False,False
1,red_green,3,1,13,13,493,50.08355928944146,64.15172001189939,False,False,False
1,red_green,3,1,14,14,494,48.92211133896428,69.57104855784652,False,False,False
1,red_green,3,1,15,15,495,35.354516882684216,64.47017308095866,False,False,False
1,red_green,3,1,16,16,496,29.959533097422124,55.97719710072048,False,False,False
1,red_green,3,1,17,17,497,51.02427478411055,76.80379842374555,False,False,False
1,red_green,3,1,18,18,498,34.488377983044586,49.977561334948675,False,False,False
1,red_green,3,1,19,19,499,35.12788601561505,52.77500887911192,False,False,False
1,red_green,3,1,20,20,500,33.59253711937733,58.53126672739124,False,False,False
1,red_green,3,1,21,21,501,44.07992767785957,74.31723995094302,False,False,False
1,red_green,3,1,22,22,502,32.38752536509117,57.77938523665206,False,False,False
1,red_green,3,1,23,23,503,30.86526958062902,54.265139011821745,False,False,False
1,red_green,3,1,24,24,504,52.548699876076206,88.48594652935378,False,False,False
1,red_green,3,1,25,25,505,46.298481550078876,60.761499683117194,False,False,False
1,red_green,3,1,26,26,506,30.879926912593792,59.90098297566658,False,False,False
1,red_green,3,1,27,27,507,31.64484584094871,53.507754186173905,False,False,False
1,red_green,3,1,28,28,508,50.09335655733285,83.94419601991223,False,False,False
1,red_green,3,1,29,29,509,33.74960388906333,54.39110350645933,False,False,False
1,red_green,3,1,30,30,510,31.476195958620526,53.81624109783611,False,False,False
1,red_green,3,1,31,31,511,40.05447812173253,65.80514181976875,False,False,False
1,red_green,4,0,0,0,512,40.25357339534618,56.147134910821364,False,False,False
1,red_green,4,0,1,1,513,26.177641586936467,47.5408197921863,False,False,False
1,red_green,4,0,2,2,514,34.518501271538234,55.12114238381344,False,False,False
1,red_green,4,0,3,3,515,40.524757539857895,68.1773107303847,False,False,False
1,red_green,4,0,4,4,516,39.594574264874,70.56624283946738,False,False,False
1,red_green,4,0,5,5,517,34.8963607202551,57.697881665353435,False,False,False
1,red_green,4,0,6,6,518,37.323923740358126,72.53023921062945,False,False,False
1,red_green,4,0,7,7,519,27.908389855746968,54.81480080494404,False,False,False
1,red_green,4,0,8,8,520,36.71949316706115,68.29906377265374,False,False,False
1,red_green,4,0,9,9,521,31.899979185484625,59.603036167026076,False,False,False
1,red_green,4,0,10,10,522,40.135880633334054,64.40258321595063,False,False,False
1,red_green,4,0,11,11,523,59.261227733676726,79.87338734281346,False,False,False
1,red_green,4,0,12,12,524,32.16382416292562,58.52235494770597,False,False,False
1,red_green,4,0,13,13,525,28.952676189640883,50.79524629570847,False,False,False
1,red_green,4,0,14,14,526,41.83002210565949,62.30171133165334,False,False,False
1,red_green,4,0,15,15,527,36.861894581526656,62.705134776506554,False,False,False
1,red_green,4,0,16,16,528,34.27983880639746,53.89125514854729,False,False,False
1,red_green,4,0,17,17,529,36.63568066689834,61.46416246499951,False,False,False
1,red_green,4,0,18,18,530,50.114038462435865,61.17884706381261,False,False,False
1,red_green,4,0,19,19,531,35.76773878746467,68.54327452595024,False,False,False
1,red_green,4,0,20,20,532,42.275028462818746,76.33348881720227,False,False,False
1,red_green,4,0,21,21,533,35.48944598606906,60.265613970167244,False,False,False
1,red_green,4,0,22,22,534,37.43490831537069,62.71546275487741,False,False,False
1,red_green,4,0,23,23,535,36.252103900245174,64.23179728285297,False,False,False
1,red_green,4,0,24,24,536,43.42479540217026,85.08104539097717,False,False,False
1,red_green,4,0,25,25,537,38.96832509777664,68.18559058243581,False,False,False
1,red_green,4,0,26,26,538,48.48942031149271,83.74334912446594,False,False,False
1,red_green,4,0,27,27,539,38.870511491512154,74.92821656969784,False,False,False
1,red_green,4,0,28,28,540,36.29060633047085,61.839207536587786,False,False,False
1,red_green,4,0,29,29,541,34.12061037664308,62.80809690883112,False,False,False
1,red_green,4,0,30,30,542,35.24343958004353,61.4660480082295,False,False,False
1,red_green,4,0,31,31,543,44.922832381671206,75.98187606830642,False,False,False
1,red_green,4,1,0,0,544,28.800132502897508,56.238474661814784,False,False,False
1,red_green,4,1,1,1,545,37.41702821276086,63.77416415765853,False,False,False
1,red_green,4,1,2,2,546,67.1404418688614,109.27051729146977,False,False,False
1,red_green,4,1,3,3,547,36.599835045725584,56.0072246607494,False,False,False
1,red_green,4,1,4,4,548,42.931577141270566,63.79370128649791,False,False,False
1,red_green,4,1,5,5,549,38.15610114743746,68.46646362086969,False,False,False
1,red_green,4,1,6,6,550,29.820836070840528,53.69577269616905,False,False,False
1,red_green,4,1,7,7,551,31.327403806621753,54.360484881378426,False,False,False
1,red_green,4,1,8,8,552,42.17590636281134,61.86971120656111,False,False,False
1,red_green,4,1,9,9,553,30.4147723397696,55.896954608704334,False,False,False
1,red_green,4,1,10,10,554,33.89237210827159,55.026130559268076,False,False,False
1,red_green,4,1,11,11,555,42.119860036703734,66.43074120939485,False,False,False
1,red_green,4,1,12,12,556,32.55580434511549,61.05919147168652,False,False,False
1,red_green,4,1,13,13,557,28.825945375609635,56.101371604266376,False,False,False
1,red_green,4,1,14,14,558,33.98287422225108,55.131956453433446,False,False,False
1,red_green,4,1,15,15,559,39.56929804318391,65.862453151164,False,False,False
1,red_green,4,1,16,16,560,33.60428880142163,63.222922914423805,False,False,False
1,red_green,4,1,17,17,561,44.757079401743454,68.77083098369432,False,False,False
1,red_green,4,1,18,18,562,44.997778310832004,83.18110773713381,False,False,False
1,red_green,4,1,19,19,563,36.118829921401066,67.40864603062028,False,False,False
1,red_green,4,1,20,20,564,46.3912802921511,85.4919179552639,False,False,False
1,red_green,4,1,21,21,565,35.47798889384271,54.31403835441084,False,False,False
1,red_green,4,1,22,22,566,34.39093895956442,61.70505583051067,False,False,False
1,red_green,4,1,23,23,567,39.668052016752085,67.40355247525723,False,False,False
1,red_green,4,1,24,24,568,32.42990927068365,60.73615476673845,False,False,False
1,red_green,4,1,25,25,569,29.66812741673812,50.85238182553833,False,False,False
1,red_green,4,1,26,26,570,36.819890928167176,63.73785962161212,False,False,False
1,red_green,4,1,27,27,571,35.39246858262737,64.06004470816458,False,False,False
1,red_green,4,1,28,28,572,40.10461488678019,72.76971815349359,False,False,False
1,red_green,4,1,29,29,573,42.839319784228785,74.96184118004402,False,False,False
1,red_green,4,1,30,30,574,35.977772132295435,61.06279769514349,False,False,False
1,red_green,4,1,31,31,575,30.134561414195296,54.64883113431449,False,False,False
1,red_green,5,0,0,0,576,39.6056737339099,67.21958387132202,False,False,False
1,red_green,5,0,1,1,577,50.64558628100808,93.63843682273934,False,False,False
1,red_green,5,0,2,2,578,39.99920956289569,67.18732791041015,False,False,False
1,red_green,5,0,3,3,579,40.46622223090264,64.98389900726777,False,False,False
1,red_green,5,0,4,4,580,38.05649587759116,50.488060348274246,False,False,False
1,red_green,5,0,5,5,581,33.962781649379096,63.59197738272947,False,False,False
1,red_green,5,0,6,6,582,33.19707040661818,53.384259443577335,False,False,False
1,red_green,5,0,7,7,583,40.032053116423526,78.00155758189325,False,False,False
1,red_green,5,0,8,8,584,31.35692093135824,61.74627754247128,False,False,False
1,red_green,5,0,9,9,585,40.492988917972376,71.35108692481154,False,False,False
1,red_green,5,0,10,10,586,39.11266113703877,71.38667381539537,False,False,False
1,red_green,5,0,11,11,587,46.53451202695659,73.33825175386767,False,False,False
1,red_green,5,0,12,12,588,36.66831542578957,68.52114000102024,False,False,False
1,red_green,5,0,13,13,589,28.9375965301421,56.3457334169874,False,False,False
1,red_green,5,0,14,14,590,57.87191040878539,96.89545197177773,False,False,False
1,red_green,5,0,15,15,591,42.88861734552213,81.80007856727624,False,False,False
1,red_green,5,0,16,16,592,38.015071348512706,69.8719475995477,False,False,False
1,red_green,5,0,17,17,593,41.734927035622135,64.02040360581508,False,False,False
1,red_green,5,0,18,18,594,47.70390355545028,68.63105987399769,False,False,False
1,red_green,5,0,19,19,595,29.60208152796907,56.137236233510436,False,False,False
1,red_green,5,0,20,20,596,38.96447380550432,70.06722542564813,False,False,False
1,red_green,5,0,21,21,597,35.108139849258016,59.42081604484024,False,False,False
1,red_green,5,0,22,22,598,42.27368645520134,69.27060910863041,False,False,False
1,red_green,5,0,23,23,599,39.31653645597818,73.15331111941988,False,False,False
1,red_green,5,0,24,24,600,34.1966488849975,64.2781043851413,False,False,False
1,red_green,5,0,25,25,601,39.35071871962862,69.43549830833616,False,False,False
1,red_green,5,0,26,26,602,34.69659897965522,55.88152786265728,False,False,False
1,red_green,5,0,27,27,603,63.352113112866874,95.89569015244028,False,False,False
1,red_green,5,0,28,28,604,46.93755207860639,82.1512551218008,False,False,False
1,red_green,5,0,29,29,605,36.95059482944249,66.09843555048059,False,False,False
1,red_green,5,0,30,30,606,38.674795423082465,68.28628870834972,False,False,False
1,red_green,5,0,31,31,607,43.47801139384639,73.81911307765878,False,False,False
1,red_green,5,1,0,0,608,34.82011654863642,56.57563940330161,False,False,False
1,red_green,5,1,1,1,609,33.675385444900535,59.819002341390764,False,False,False
1,red_green,5,1,2,2,610,29.789803925799156,57.10608237737563,False,False,False
1,red_green,5,1,3,3,611,37.34105317364446,67.2628502744996,False,False,False
1,red_green,5,1,4,4,612,40.371954216988414,76.89943219798285,False,False,False
1,red_green,5,1,5,5,613,34.11395026286845,56.142990458129226,False,False,False
1,red_green,5,1,6,6,614,42.53869994056265,70.2017478387456,False,False,False
1,red_green,5,1,7,7,615,34.150814295069495,60.065252292161745,False,False,False
1,red_green,5,1,8,8,616,40.276594210143855,68.10658660812038,False,False,False
1,red_green,5,1,9,9,617,35.20436403392601,64.60494490132056,False,False,False
1,red_green,5,1,10,10,618,33.215697041470975,58.9010471371781,False,False,False
1,red_green,5,1,11,11,619,38.81468662350664,64.2892503961413,False,False,False
1,red_green,5,1,12,12,620,40.77253069572565,72.7335304506145,False,False,False
1,red_green,5,1,13,13,621,34.35622543009346,54.41245371877075,False,False,False
1,red_green,5,1,14,14,622,41.402100146920944,72.9789000881785,False,False,False
1,red_green,5,1,15,15,623,36.413609853939754,70.68752599487314,False,False,False
1,red_green,5,1,16,16,624,39.6517728970604,71.91254414063636,False,False,False
1,red_green,5,1,17,17,625,37.24861591770747,63.49202617823482,False,False,False
1,red_green,5,1,18,18,626,56.99562891220689,84.27811680668805,False,False,False
1,red_green,5,1,19,19,627,25.99035614664863,47.71334089001235,False,False,False
1,red_green,5,1,20,20,628,36.89575714629358,70.78613481472405,False,False,False
1,red_green,5,1,21,21,629,35.03927838834121,57.70424680673506,False,False,False
1,red_green,5,1,22,22,630,42.05727257670304,81.56369213405156,False,False,False
1,red_green,5,1,23,23,631,35.40314249850911,55.10032647543112,False,False,False
1,red_green,5,1,24,24,632,40.28642766692251,75.2500046173896,False,False,False
1,red_green,5,1,25,25,633,36.96326219965396,70.03375600262552,False,False,False
1,red_green,5,1,26,26,634,104.44505845849517,169.0365697058308,False,False,False
1,red_green,5,1,27,27,635,37.58056857107617,64.28090496637877,False,False,False
1,red_green,5,1,28,28,636,44.62044816941905,76.40410422436527,False,False,False
1,red_green,5,1,29,29,637,43.24264510999438,86.15358653994336,False,False,False
1,red_green,5,1,30,30,638,36.43975639322056,67.9593174011462,False,False,False
1,red_green,5,1,31,31,639,57.34978604341901,89.71888687833302,False,False,False
