participant,condition,run,trial_repeat,class_id,true_label,predicted_label,correct,rho_target,rho_max,rho_margin
1,blue_yellow,1,0,0,0,1,0,0.5070949388110719,0.5070949409179429,-2.106871010987277e-09
1,blue_yellow,1,0,1,1,19,0,0.42237343394325483,0.5208612393904776,-0.09848780544722274
1,blue_yellow,1,0,2,2,9,0,0.4256934460541119,0.4649491070611597,-0.039255661007047804
1,blue_yellow,1,0,3,3,9,0,0.32876893330130136,0.4923870973969529,-0.16361816409565155
1,blue_yellow,1,0,4,4,2,0,0.314061041049412,0.4708270702977329,-0.1567660292483209
1,blue_yellow,1,0,5,5,6,0,0.5026058366905732,0.5026058410139819,-4.3234086311016995e-09
1,blue_yellow,1,0,6,6,11,0,0.400477769264232,0.47035983075614257,-0.06988206149191056
1,blue_yellow,1,0,7,7,9,0,0.40271359176509414,0.5046141902775074,-0.10190059851241329
1,blue_yellow,1,0,8,8,1,0,0.4552686706950918,0.5076672086455651,-0.052398537950473334
1,blue_yellow,1,0,9,9,16,0,0.383716587919663,0.6717375727588957,-0.28802098483923266
1,blue_yellow,1,0,10,10,11,0,0.5881291942009169,0.5881292062113194,-1.201040245035756e-08
1,blue_yellow,1,0,11,11,2,0,0.3641167064415799,0.4853781171326761,-0.1212614106910962
1,blue_yellow,1,0,12,12,1,0,0.3677339744772472,0.5453142092269606,-0.1775802347497134
1,blue_yellow,1,0,13,13,13,1,0.5230460604567703,0.5230460604567703,0.0
1,blue_yellow,1,0,14,14,2,0,0.4293673675738434,0.5139313818153393,-0.08456401424149584
1,blue_yellow,1,0,15,15,17,0,0.33138189246376026,0.4257941374130691,-0.09441224494930883
1,blue_yellow,1,0,16,16,31,0,0.40295658822161917,0.42944877292518596,-0.02649218470356679
1,blue_yellow,1,0,17,17,1,0,0.3738882759261138,0.5500347037216565,-0.17614642779554274
1,blue_yellow,1,0,18,18,0,0,0.29067917947250427,0.4889494815379179,-0.19827030206541363
1,blue_yellow,1,0,19,19,10,0,0.33413091079799,0.5064464257368146,-0.17231551493882463
1,blue_yellow,1,0,20,20,4,0,0.2744097770524262,0.4519774651936093,-0.17756768814118312
1,blue_yellow,1,0,21,21,12,0,0.3722614518715566,0.5077221580880348,-0.13546070621647816
1,blue_yellow,1,0,22,22,10,0,0.28632852592151375,0.48425365912840695,-0.1979251332068932
1,blue_yellow,1,0,23,23,5,0,0.33476779638672033,0.5208312199707157,-0.18606342358399536
1,blue_yellow,1,0,24,24,0,0,0.3176568262867121,0.5239689044478294,-0.2063120781611173
1,blue_yellow,1,0,25,25,4,0,0.4014130843307134,0.4519906531190984,-0.05057756878838504
1,blue_yellow,1,0,26,26,5,0,0.28165060887270477,0.613084935320649,-0.33143432644794424
1,blue_yellow,1,0,27,27,24,0,0.43236494198619707,0.43236496487850273,-2.289230566221434e-08
1,blue_yellow,1,0,28,28,3,0,0.28647567180813976,0.542766187387862,-0.2562905155797222
1,blue_yellow,1,0,29,29,12,0,0.3560802753781349,0.4532593429787978,-0.09717906760066286
1,blue_yellow,1,0,30,30,4,0,0.275428966527874,0.6392290898411287,-0.3638001233132547
1,blue_yellow,1,0,31,31,1,0,0.43181608282442524,0.4672188667204659,-0.03540278389604068
1,blue_yellow,1,1,0,0,4,0,0.2771072436974195,0.47919204633716245,-0.20208480263974293
1,blue_yellow,1,1,1,1,1,1,0.5301737613555534,0.5301737613555534,0.0
1,blue_yellow,1,1,2,2,20,0,0.39077797181573826,0.5440072905411849,-0.15322931872544665
1,blue_yellow,1,1,3,3,26,0,0.5073011440089269,0.5074449882642011,-0.00014384425527425027
1,blue_yellow,1,1,4,4,11,0,0.34884019724897947,0.5406650500201682,-0.19182485277118871
1,blue_yellow,1,1,5,5,0,0,0.4300553223544037,0.4902265841328319,-0.06017126177842819
1,blue_yellow,1,1,6,6,3,0,0.36811196166540405,0.5528775302049469,-0.18476556853954285
1,blue_yellow,1,1,7,7,9,0,0.5176048063562894,0.5364441889494265,-0.01883938259313711
1,blue_yellow,1,1,8,8,1,0,0.3091013854103633,0.4906306835839064,-0.18152929817354307
1,blue_yellow,1,1,9,9,5,0,0.45483338370372156,0.4612943201926154,-0.0064609364888938425
1,blue_yellow,1,1,10,10,4,0,0.3565415213476998,0.5325739658348765,-0.1760324444871767
1,blue_yellow,1,1,11,11,16,0,0.36393329564490584,0.44016352127219577,-0.07623022562728993
1,blue_yellow,1,1,12,12,3,0,0.4550406495231896,0.4593796245305563,-0.0043389750073666855
1,blue_yellow,1,1,13,13,16,0,0.347418519960322,0.6139939353403837,-0.2665754153800617
1,blue_yellow,1,1,14,14,14,1,0.46976675726513284,0.46976675726513284,2.7755575615628914e-16
1,blue_yellow,1,1,15,15,1,0,0.36899661759476415,0.5158244167242897,-0.14682779912952554
1,blue_yellow,1,1,16,16,2,0,0.3930155870673799,0.5608627781106326,-0.16784719104325269
1,blue_yellow,1,1,17,17,3,0,0.3267958518872549,0.5270448304624845,-0.2002489785752296
1,blue_yellow,1,1,18,18,2,0,0.3611323417775134,0.5014908981386498,-0.14035855636113637
1,blue_yellow,1,1,19,19,5,0,0.37415046948619507,0.416736142780708,-0.042585673294512905
1,blue_yellow,1,1,20,20,0,0,0.33529109943835694,0.505767452806016,-0.17047635336765904
1,blue_yellow,1,1,21,21,27,0,0.399648974319941,0.4788275653553625,-0.07917859103542152
1,blue_yellow,1,1,22,22,10,0,0.3191495931287848,0.4851359435425998,-0.165986350413815
1,blue_yellow,1,1,23,23,0,0,0.3187922766391743,0.4843654756000229,-0.1655731989608486
1,blue_yellow,1,1,24,24,1,0,0.27616708906918813,0.5562777684137733,-0.28011067934458517
1,blue_yellow,1,1,25,25,12,0,0.33683100692621465,0.5320353835457463,-0.19520437661953166
1,blue_yellow,1,1,26,26,0,0,0.29220927700957117,0.49580381682729446,-0.2035945398177233
1,blue_yellow,1,1,27,27,14,0,0.3458549510556866,0.4689017035747403,-0.12304675251905373
1,blue_yellow,1,1,28,28,24,0,0.4431931932869191,0.4607209864590152,-0.01752779317209613
1,blue_yellow,1,1,29,29,2,0,0.26717537580210465,0.47507902785889883,-0.20790365205679417
1,blue_yellow,1,1,30,30,5,0,0.3609022913599967,0.5517041097677527,-0.19080181840775606
1,blue_yellow,1,1,31,31,1,0,0.25169602623515663,0.5131914854884108,-0.2614954592532541
1,blue_yellow,2,0,0,0,7,0,0.3743150572757074,0.5084353951836285,-0.13412033790792105
1,blue_yellow,2,0,1,1,3,0,0.3913305284806906,0.39133052848069133,-7.216449660063518e-16
1,blue_yellow,2,0,2,2,11,0,0.36718152081723526,0.45396989880862265,-0.08678837799138739
1,blue_yellow,2,0,3,3,0,0,0.508039193986693,0.5080392466076499,-5.262095692515345e-08
1,blue_yellow,2,0,4,4,1,0,0.3770626935373689,0.5341602647118038,-0.1570975711744349
1,blue_yellow,2,0,5,5,1,0,0.48839867782007046,0.554832299807876,-0.0664336219878055
1,blue_yellow,2,0,6,6,11,0,0.39529549430564437,0.5672003203094695,-0.17190482600382517
1,blue_yellow,2,0,7,7,1,0,0.4394374010358023,0.5507073651160284,-0.11126996408022605
1,blue_yellow,2,0,8,8,19,0,0.375713332266464,0.44241103686551714,-0.06669770459905316
1,blue_yellow,2,0,9,9,3,0,0.38348200815955724,0.4795467753161739,-0.09606476715661666
1,blue_yellow,2,0,10,10,12,0,0.34519982872609045,0.4849460826576736,-0.13974625393158313
1,blue_yellow,2,0,11,11,18,0,0.37706585403750065,0.5435450268159315,-0.16647917277843088
1,blue_yellow,2,0,12,12,25,0,0.3277409148467536,0.4255296341592426,-0.097788719312489
1,blue_yellow,2,0,13,13,0,0,0.29686009757508675,0.49567438640321165,-0.1988142888281249
1,blue_yellow,2,0,14,14,3,0,0.4300085934900488,0.45591552621747783,-0.025906932727429055
1,blue_yellow,2,0,15,15,17,0,0.3323234390381906,0.5789474359777702,-0.2466239969395796
1,blue_yellow,2,0,16,16,30,0,0.35374335418047703,0.44506558028814974,-0.09132222610767271
1,blue_yellow,2,0,17,17,8,0,0.3546441954269682,0.48339272773534325,-0.12874853230837507
1,blue_yellow,2,0,18,18,11,0,0.39816796571532553,0.46482400768006443,-0.0666560419647389
1,blue_yellow,2,0,19,19,15,0,0.39535113352061435,0.5074980279968987,-0.11214689447628434
1,blue_yellow,2,0,20,20,23,0,0.4402672726984741,0.4402672830878128,-1.0389338722660568e-08
1,blue_yellow,2,0,21,21,24,0,0.38148944518214545,0.4668621254286008,-0.08537268024645533
1,blue_yellow,2,0,22,22,17,0,0.373378789723352,0.7343951403271103,-0.3610163506037583
1,blue_yellow,2,0,23,23,12,0,0.27198502154444243,0.4860151259484726,-0.2140301044040302
1,blue_yellow,2,0,24,24,6,0,0.29207896657993526,0.4806443589768529,-0.18856539239691766
1,blue_yellow,2,0,25,25,15,0,0.39638603796722116,0.5011937803032634,-0.10480774233604229
1,blue_yellow,2,0,26,26,3,0,0.33984719225701837,0.45121871598378344,-0.11137152372676506
1,blue_yellow,2,0,27,27,15,0,0.39689544981131547,0.4514002931711046,-0.05450484335978911
1,blue_yellow,2,0,28,28,3,0,0.36445074487077433,0.470242513712407,-0.10579176884163266
1,blue_yellow,2,0,29,29,7,0,0.3286577067597219,0.509631211732167,-0.18097350497244508
1,blue_yellow,2,0,30,30,29,0,0.5415988869970584,0.5415989405825047,-5.358544630240658e-08
1,blue_yellow,2,0,31,31,1,0,0.3157935845203733,0.6595390432699031,-0.3437454587495298
1,blue_yellow,2,1,0,0,8,0,0.3757289261437269,0.434294918675487,-0.05856599253176009
1,blue_yellow,2,1,1,1,0,0,0.5998990434570171,0.5998990441949088,-7.378917477041114e-10
1,blue_yellow,2,1,2,2,0,0,0.4554689096569877,0.4554689096569883,-5.551115123125783e-16
1,blue_yellow,2,1,3,3,1,0,0.6258073711650455,0.6258073711650456,-1.1102230246251565e-16
1,blue_yellow,2,1,4,4,11,0,0.31666961321828124,0.5271290205716546,-0.21045940735337332
1,blue_yellow,2,1,5,5,5,1,0.4828501562813072,0.4828501562813072,2.7755575615628914e-16
1,blue_yellow,2,1,6,6,15,0,0.35689895312797054,0.4963441103120324,-0.13944515718406186
1,blue_yellow,2,1,7,7,0,0,0.5447416044547716,0.5576481507135561,-0.012906546258784513
1,blue_yellow,2,1,8,8,14,0,0.36856488009015326,0.4828398862476928,-0.11427500615753955
1,blue_yellow,2,1,9,9,2,0,0.32866016571858675,0.4951650077595828,-0.16650484204099603
1,blue_yellow,2,1,10,10,8,0,0.5955602189136833,0.5955602189136834,-1.1102230246251565e-16
1,blue_yellow,2,1,11,11,4,0,0.3361734451825815,0.5117112140497511,-0.17553776886716954
1,blue_yellow,2,1,12,12,19,0,0.37475018211653743,0.5486693269504197,-0.17391914483388227
1,blue_yellow,2,1,13,13,6,0,0.4511132975079902,0.6102916115611599,-0.15917831405316968
1,blue_yellow,2,1,14,14,1,0,0.3787444825750674,0.5832039357656789,-0.20445945319061148
1,blue_yellow,2,1,15,15,7,0,0.43708587864503257,0.44311439001731256,-0.006028511372279999
1,blue_yellow,2,1,16,16,12,0,0.35927270986134374,0.4747135565063404,-0.11544084664499665
1,blue_yellow,2,1,17,17,2,0,0.31993805186829244,0.4635696380310222,-0.14363158616272975
1,blue_yellow,2,1,18,18,2,0,0.4524658037242752,0.4846682452853777,-0.032202441561102524
1,blue_yellow,2,1,19,19,8,0,0.34980401344117007,0.4867605148602249,-0.13695650141905485
1,blue_yellow,2,1,20,20,17,0,0.2902931304826968,0.46051387346104977,-0.170220742978353
1,blue_yellow,2,1,21,21,12,0,0.29959178637371126,0.46907688420212845,-0.1694850978284172
1,blue_yellow,2,1,22,22,7,0,0.3363902452125917,0.5837983997965389,-0.24740815458394722
1,blue_yellow,2,1,23,23,6,0,0.4912644373635197,0.5634602453697353,-0.07219580800621556
1,blue_yellow,2,1,24,24,1,0,0.3731019681728327,0.5056283903992671,-0.1325264222264344
1,blue_yellow,2,1,25,25,1,0,0.2892332789172986,0.48201013286517774,-0.19277685394787913
1,blue_yellow,2,1,26,26,3,0,0.45400148091123826,0.5053033520959229,-0.051301871184684655
1,blue_yellow,2,1,27,27,7,0,0.4179988690012585,0.4938307207751469,-0.0758318517738884
1,blue_yellow,2,1,28,28,7,0,0.37597610752620936,0.4562692185618695,-0.08029311103566017
1,blue_yellow,2,1,29,29,15,0,0.43235925750611465,0.502243606473776,-0.06988434896766132
1,blue_yellow,2,1,30,30,1,0,0.3367746481628977,0.584587733521836,-0.2478130853589383
1,blue_yellow,2,1,31,31,15,0,0.4111089468451419,0.45902618573432924,-0.047917238889187364
1,blue_yellow,3,0,0,0,7,0,0.437290734392553,0.44609661645019166,-0.008805882057638659
1,blue_yellow,3,0,1,1,5,0,0.48961393390939817,0.518861841629075,-0.029247907719676836
1,blue_yellow,3,0,2,2,9,0,0.42750567728082045,0.47589267154331855,-0.048386994262498095
1,blue_yellow,3,0,3,3,7,0,0.40278875626841915,0.5130795648765144,-0.11029080860809526
1,blue_yellow,3,0,4,4,6,0,0.5350146349443672,0.5350146349443675,-3.3306690738754696e-16
1,blue_yellow,3,0,5,5,5,1,0.44936417347975427,0.44936417347975427,4.996003610813204e-16
1,blue_yellow,3,0,6,6,9,0,0.5119091271093423,0.6109636038084426,-0.09905447669910028
1,blue_yellow,3,0,7,7,1,0,0.4961103419546405,0.5363564125816732,-0.040246070627032726
1,blue_yellow,3,0,8,8,13,0,0.4708059947030669,0.5248327904073928,-0.05402679570432595
1,blue_yellow,3,0,9,9,5,0,0.4404083153193152,0.4814495720483783,-0.041041256729063114
1,blue_yellow,3,0,10,10,19,0,0.3337876350790647,0.649424819749652,-0.3156371846705873
1,blue_yellow,3,0,11,11,2,0,0.40860931482010104,0.49874618985082225,-0.09013687503072121
1,blue_yellow,3,0,12,12,10,0,0.33865932630293527,0.5087035635707511,-0.1700442372678158
1,blue_yellow,3,0,13,13,9,0,0.4446449112355968,0.47660293670964976,-0.031958025474052965
1,blue_yellow,3,0,14,14,3,0,0.3339250001837058,0.5628315726119442,-0.22890657242823836
1,blue_yellow,3,0,15,15,8,0,0.34429560327331676,0.5179106222870716,-0.17361501901375487
1,blue_yellow,3,0,16,16,23,0,0.327943105728967,0.43606893890906373,-0.10812583318009672
1,blue_yellow,3,0,17,17,1,0,0.4794608289313658,0.5979382653934057,-0.11847743646203984
1,blue_yellow,3,0,18,18,0,0,0.4017932268828959,0.5707188985268398,-0.16892567164394384
1,blue_yellow,3,0,19,19,19,1,0.6346659679998334,0.6346659679998334,3.3306690738754696e-16
1,blue_yellow,3,0,20,20,7,0,0.3645208153711939,0.5035126462800742,-0.1389918309088803
1,blue_yellow,3,0,21,21,1,0,0.3879093736120302,0.5071312725457339,-0.11922189893370366
1,blue_yellow,3,0,22,22,1,0,0.3459148320355703,0.5477551522688812,-0.2018403202333109
1,blue_yellow,3,0,23,23,0,0,0.34484226098863885,0.4837948813312726,-0.13895262034263373
1,blue_yellow,3,0,24,24,1,0,0.38833190750100877,0.47274661723192796,-0.08441470973091919
1,blue_yellow,3,0,25,25,6,0,0.4496500895293541,0.5573797064678828,-0.10772961693852873
1,blue_yellow,3,0,26,26,13,0,0.27409730388441556,0.6109994439373854,-0.3369021400529698
1,blue_yellow,3,0,27,27,4,0,0.39083736620953013,0.5442959835018679,-0.15345861729233778
1,blue_yellow,3,0,28,28,6,0,0.23732375638994532,0.5768169647758651,-0.3394932083859198
1,blue_yellow,3,0,29,29,9,0,0.33241653985017033,0.47879709229960754,-0.1463805524494372
1,blue_yellow,3,0,30,30,28,0,0.5588317906940339,0.5588317906940339,0.0
1,blue_yellow,3,0,31,31,7,0,0.3001683568584671,0.5178941349109843,-0.21772577805251725
1,blue_yellow,3,1,0,0,2,0,0.4719688428891313,0.4719688428891314,-5.551115123125783e-17
1,blue_yellow,3,1,1,1,12,0,0.33862488722808626,0.4716052083559533,-0.13298032112786706
1,blue_yellow,3,1,2,2,1,0,0.5253241023408034,0.5253241347928816,-3.2452078246869576e-08
1,blue_yellow,3,1,3,3,16,0,0.41512731427117455,0.45588375701748357,-0.04075644274630902
1,blue_yellow,3,1,4,4,28,0,0.3506439798761085,0.5547826505695838,-0.20413867069347524
1,blue_yellow,3,1,5,5,1,0,0.39987464609500845,0.6537535930885876,-0.25387894699357916
1,blue_yellow,3,1,6,6,3,0,0.3970168037662604,0.5523824146168076,-0.15536561085054718
1,blue_yellow,3,1,7,7,10,0,0.40307947449838866,0.45014603563364725,-0.04706656113525859
1,blue_yellow,3,1,8,8,14,0,0.42696976111096085,0.4726576474892796,-0.04568788637831872
1,blue_yellow,3,1,9,9,1,0,0.3761597217478957,0.4881415858423396,-0.11198186409444388
1,blue_yellow,3,1,10,10,3,0,0.507708398523294,0.5557533647517107,-0.0480449662284167
1,blue_yellow,3,1,11,11,1,0,0.4009368572000719,0.6108583981923771,-0.2099215409923052
1,blue_yellow,3,1,12,12,25,0,0.3763414044520102,0.46277053414205727,-0.08642912969004707
1,blue_yellow,3,1,13,13,5,0,0.2932464132748446,0.49514216147969936,-0.20189574820485479
1,blue_yellow,3,1,14,14,10,0,0.3066953044017866,0.4913564237705595,-0.18466111936877289
1,blue_yellow,3,1,15,15,8,0,0.4319573915681944,0.6554810487718011,-0.22352365720360673
1,blue_yellow,3,1,16,16,11,0,0.3316330198997842,0.4640612309110943,-0.13242821101131008
1,blue_yellow,3,1,17,17,4,0,0.48565023789384953,0.5427572030933675,-0.05710696519951797
1,blue_yellow,3,1,18,18,2,0,0.44546070177012587,0.5016710985075271,-0.05621039673740125
1,blue_yellow,3,1,19,19,25,0,0.37424267058688215,0.44866887431806657,-0.07442620373118441
1,blue_yellow,3,1,20,20,7,0,0.28917356499759383,0.4952594938526752,-0.20608592885508137
1,blue_yellow,3,1,21,21,1,0,0.43300611722193505,0.5159319984983206,-0.08292588127638556
1,blue_yellow,3,1,22,22,22,1,0.45320079369575117,0.45320079369575117,1.6653345369377348e-16
1,blue_yellow,3,1,23,23,0,0,0.32706024435601216,0.6327900486498051,-0.305729804293793
1,blue_yellow,3,1,24,24,13,0,0.49605904685950436,0.5293993985090407,-0.03334035164953636
1,blue_yellow,3,1,25,25,18,0,0.3755162907868324,0.4768176387724288,-0.10130134798559637
1,blue_yellow,3,1,26,26,1,0,0.3797691151591824,0.5127210772841345,-0.13295196212495214
1,blue_yellow,3,1,27,27,1,0,0.29886650377794793,0.5538166403879327,-0.2549501366099847
1,blue_yellow,3,1,28,28,1,0,0.2811843931458438,0.5884486422398021,-0.3072642490939583
1,blue_yellow,3,1,29,29,0,0,0.24477404532195593,0.6230239819835913,-0.3782499366616354
1,blue_yellow,3,1,30,30,1,0,0.33076351340139687,0.6173265604706892,-0.28656304706929236
1,blue_yellow,3,1,31,31,2,0,0.29655776509741705,0.48648471778423774,-0.1899269526868207
1,blue_yellow,4,0,0,0,19,0,0.35324890314408264,0.5269391997140863,-0.17369029657000368
1,blue_yellow,4,0,1,1,26,0,0.40142132355714466,0.40197250448001676,-0.0005511809228720965
1,blue_yellow,4,0,2,2,3,0,0.5347948601447658,0.5347948730735509,-1.2928785042554125e-08
1,blue_yellow,4,0,3,3,5,0,0.4690321443923519,0.5706056311794734,-0.10157348678712147
1,blue_yellow,4,0,4,4,3,0,0.36738165581537835,0.4148594154677965,-0.04747775965241813
1,blue_yellow,4,0,5,5,5,1,0.44274700796752775,0.44274700796752775,1.6653345369377348e-16
1,blue_yellow,4,0,6,6,28,0,0.4199840083174143,0.48602211193972794,-0.06603810362231366
1,blue_yellow,4,0,7,7,8,0,0.45835177207010713,0.4674948561843069,-0.009143084114199784
1,blue_yellow,4,0,8,8,16,0,0.41964055706133657,0.48627938293301276,-0.06663882587167619
1,blue_yellow,4,0,9,9,6,0,0.3099653042261463,0.4898634826364371,-0.17989817841029077
1,blue_yellow,4,0,10,10,3,0,0.4227167250673438,0.4972756395643594,-0.07455891449701557
1,blue_yellow,4,0,11,11,4,0,0.4484394321257854,0.47241160519892333,-0.023972173073137926
1,blue_yellow,4,0,12,12,8,0,0.5277797864647795,0.5434966702187035,-0.015716883753923994
1,blue_yellow,4,0,13,13,7,0,0.27934478815306907,0.552665524260991,-0.27332073610792196
1,blue_yellow,4,0,14,14,12,0,0.514053229729677,0.514053229729677,0.0
1,blue_yellow,4,0,15,15,15,1,0.5048041083806896,0.5048041083806896,2.220446049250313e-16
1,blue_yellow,4,0,16,16,10,0,0.34078012500965615,0.5829458763644826,-0.24216575135482643
1,blue_yellow,4,0,17,17,19,0,0.5203356481016884,0.5203356481016889,-4.440892098500626e-16
1,blue_yellow,4,0,18,18,25,0,0.44812402045430827,0.5465913382437354,-0.09846731778942713
1,blue_yellow,4,0,19,19,3,0,0.43181082761287715,0.4675512508567339,-0.035740423243856734
1,blue_yellow,4,0,20,20,3,0,0.3268427052127066,0.5411025798515975,-0.2142598746388909
1,blue_yellow,4,0,21,21,0,0,0.40230928422057993,0.5465306236070587,-0.1442213393864788
1,blue_yellow,4,0,22,22,7,0,0.3300449425011272,0.5652528535176762,-0.23520791101654898
1,blue_yellow,4,0,23,23,0,0,0.41710300064102945,0.6084745325494747,-0.19137153190844525
1,blue_yellow,4,0,24,24,0,0,0.32072143895544625,0.49111595125316415,-0.1703945122977179
1,blue_yellow,4,0,25,25,8,0,0.3407854050917317,0.683951555387354,-0.34316615029562225
1,blue_yellow,4,0,26,26,6,0,0.375504286043877,0.6464479758512267,-0.27094368980734973
1,blue_yellow,4,0,27,27,2,0,0.4184214982444762,0.6107647174282473,-0.19234321918377112
1,blue_yellow,4,0,28,28,5,0,0.39431693276037194,0.5610723555362637,-0.16675542277589173
1,blue_yellow,4,0,29,29,14,0,0.3090989342348338,0.5347302297718585,-0.22563129553702466
1,blue_yellow,4,0,30,30,9,0,0.24687647693527973,0.5514311120068576,-0.3045546350715779
1,blue_yellow,4,0,31,31,6,0,0.2972825343114018,0.5155072392671627,-0.2182247049557609
1,blue_yellow,4,1,0,0,11,0,0.46246298873467123,0.5447394848981496,-0.08227649616347837
1,blue_yellow,4,1,1,1,14,0,0.40557395571325544,0.4444243255337453,-0.03885036982048984
1,blue_yellow,4,1,2,2,1,0,0.5119961451265201,0.5119961654541713,-2.0327651117924006e-08
1,blue_yellow,4,1,3,3,1,0,0.47945388100440817,0.4794538810044082,-5.551115123125783e-17
1,blue_yellow,4,1,4,4,13,0,0.4549552388768551,0.46988262609203624,-0.014927387215181165
1,blue_yellow,4,1,5,5,22,0,0.3128051203484196,0.4408821961985124,-0.12807707585009276
1,blue_yellow,4,1,6,6,3,0,0.46511261773323315,0.4940488026362851,-0.028936184903051942
1,blue_yellow,4,1,7,7,20,0,0.44091318115641553,0.5093081501503356,-0.06839496899392006
1,blue_yellow,4,1,8,8,2,0,0.2830572750447791,0.571726051714435,-0.2886687766696559
1,blue_yellow,4,1,9,9,29,0,0.3663078244840247,0.4589086718775322,-0.09260084739350749
1,blue_yellow,4,1,10,10,10,1,0.535911661893419,0.535911661893419,5.551115123125783e-16
1,blue_yellow,4,1,11,11,10,0,0.49329532431031325,0.49329535922435414,-3.4914040880629216e-08
1,blue_yellow,4,1,12,12,10,0,0.26517922218146245,0.5855919752683917,-0.32041275308692924
1,blue_yellow,4,1,13,13,5,0,0.490589604715498,0.6140056236588087,-0.12341601894331072
1,blue_yellow,4,1,14,14,9,0,0.45319821323041204,0.47193729699869613,-0.018739083768284093
1,blue_yellow,4,1,15,15,1,0,0.4159891774530829,0.5523399169813464,-0.13635073952826354
1,blue_yellow,4,1,16,16,2,0,0.3843331171124915,0.4978283536974013,-0.11349523658490979
1,blue_yellow,4,1,17,17,0,0,0.37151903157808847,0.5671502398907706,-0.19563120831268216
1,blue_yellow,4,1,18,18,21,0,0.29981390343329195,0.4407629610956312,-0.14094905766233923
1,blue_yellow,4,1,19,19,5,0,0.43645680244716734,0.45006439112149754,-0.013607588674330207
1,blue_yellow,4,1,20,20,0,0,0.3611622226863879,0.5355349763987299,-0.174372753712342
1,blue_yellow,4,1,21,21,3,0,0.3547014436501901,0.5483954613892564,-0.19369401773906636
1,blue_yellow,4,1,22,22,4,0,0.3313712325594244,0.5450113566266145,-0.21364012406719007
1,blue_yellow,4,1,23,23,8,0,0.3104305919164193,0.5677726290325285,-0.25734203711610915
1,blue_yellow,4,1,24,24,6,0,0.30381489122201055,0.49330906265959185,-0.1894941714375813
1,blue_yellow,4,1,25,25,28,0,0.4088812564311611,0.545810021158347,-0.1369287647271859
1,blue_yellow,4,1,26,26,3,0,0.3592920139177068,0.534963842210372,-0.17567182829266514
1,blue_yellow,4,1,27,27,6,0,0.3181966885932978,0.5750414393239938,-0.25684475073069596
1,blue_yellow,4,1,28,28,6,0,0.3009475374078325,0.5074762223229362,-0.20652868491510373
1,blue_yellow,4,1,29,29,11,0,0.40989448507064463,0.48974790245701677,-0.07985341738637214
1,blue_yellow,4,1,30,30,5,0,0.2551624197291995,0.5801070467140328,-0.3249446269848333
1,blue_yellow,4,1,31,31,6,0,0.4075914960001239,0.5203276309787125,-0.11273613497858859
1,blue_yellow,5,0,0,0,1,0,0.5421756491478639,0.5421756502244263,-1.0765623947861513e-09
1,blue_yellow,5,0,1,1,7,0,0.336854437913479,0.48510018156198054,-0.14824574364850152
1,blue_yellow,5,0,2,2,0,0,0.5207450470426042,0.5207450470426047,-5.551115123125783e-16
1,blue_yellow,5,0,3,3,3,1,0.5028465740858548,0.5028465740858548,1.1102230246251565e-16
1,blue_yellow,5,0,4,4,3,0,0.4487271675030009,0.6114978311539314,-0.1627706636509305
1,blue_yellow,5,0,5,5,31,0,0.43729879151445905,0.44865165066895607,-0.01135285915449702
1,blue_yellow,5,0,6,6,6,1,0.46481030695758546,0.46481030695758546,2.220446049250313e-16
1,blue_yellow,5,0,7,7,1,0,0.4964340640604771,0.5787203155332192,-0.08228625147274216
1,blue_yellow,5,0,8,8,5,0,0.4453403030935689,0.6201147393132829,-0.17477443621971395
1,blue_yellow,5,0,9,9,7,0,0.39661045830683694,0.4873948027840142,-0.09078434447717726
1,blue_yellow,5,0,10,10,3,0,0.24003478532295575,0.4793999758432644,-0.23936519052030863
1,blue_yellow,5,0,11,11,27,0,0.34171643301023524,0.42580948337758895,-0.0840930503673537
1,blue_yellow,5,0,12,12,14,0,0.4836496575396751,0.48364965753967565,-5.551115123125783e-16
1,blue_yellow,5,0,13,13,9,0,0.431412833904251,0.4350532046825198,-0.0036403707782687866
1,blue_yellow,5,0,14,14,2,0,0.29254931894331004,0.5535507965572563,-0.2610014776139462
1,blue_yellow,5,0,15,15,10,0,0.43715485351511646,0.49938382543830767,-0.06222897192319121
1,blue_yellow,5,0,16,16,4,0,0.3491496690841877,0.48812501764919364,-0.13897534856500593
1,blue_yellow,5,0,17,17,9,0,0.3649770354501975,0.46900197588949966,-0.10402494043930216
1,blue_yellow,5,0,18,18,11,0,0.4476313151151769,0.5379410824812472,-0.09030976736607027
1,blue_yellow,5,0,19,19,1,0,0.45078841759362603,0.4678758423774046,-0.01708742478377856
1,blue_yellow,5,0,20,20,12,0,0.35672810031815827,0.5049183043013338,-0.1481902039831755
1,blue_yellow,5,0,21,21,5,0,0.28016776736387444,0.591620150504604,-0.3114523831407296
1,blue_yellow,5,0,22,22,9,0,0.3990561021986849,0.5502731016560918,-0.15121699945740685
1,blue_yellow,5,0,23,23,1,0,0.2998854681520179,0.42624102684669424,-0.12635555869467635
1,blue_yellow,5,0,24,24,1,0,0.26068504014648997,0.5372099684441166,-0.27652492829762665
1,blue_yellow,5,0,25,25,9,0,0.3039143996899319,0.48821053701245476,-0.18429613732252287
1,blue_yellow,5,0,26,26,0,0,0.4494821521151917,0.49673502005481995,-0.04725286793962824
1,blue_yellow,5,0,27,27,5,0,0.29853443947585945,0.48809092853939257,-0.18955648906353312
1,blue_yellow,5,0,28,28,5,0,0.39308245938618813,0.44647251041901315,-0.053390051032825014
1,blue_yellow,5,0,29,29,1,0,0.2818506367705861,0.4598174403796556,-0.17796680360906952
1,blue_yellow,5,0,30,30,28,0,0.4546062227858011,0.45460622278580143,-3.3306690738754696e-16
1,blue_yellow,5,0,31,31,29,0,0.4745408891933423,0.4745408891933425,-1.6653345369377348e-16
1,blue_yellow,5,1,0,0,0,1,0.4873018462162334,0.4873018462162334,1.6653345369377348e-16
1,blue_yellow,5,1,1,1,7,0,0.37815741688899224,0.605409874759905,-0.2272524578709128
1,blue_yellow,5,1,2,2,4,0,0.5196648328634439,0.5230270999714193,-0.0033622671079753808
1,blue_yellow,5,1,3,3,14,0,0.3241213058006981,0.4498090571317849,-0.12568775133108678
1,blue_yellow,5,1,4,4,7,0,0.5399077899300163,0.5399079316322187,-1.4170220241638276e-07
1,blue_yellow,5,1,5,5,3,0,0.47550315584159397,0.5190208126008459,-0.0435176567592519
1,blue_yellow,5,1,6,6,12,0,0.3650586571234261,0.5241981920770615,-0.15913953495363542
1,blue_yellow,5,1,7,7,13,0,0.3824363986761591,0.47956999822217117,-0.09713359954601208
1,blue_yellow,5,1,8,8,0,0,0.3710326987263488,0.5972342541831578,-0.22620155545680898
1,blue_yellow,5,1,9,9,0,0,0.44606502532638265,0.585224719352145,-0.1391596940257624
1,blue_yellow,5,1,10,10,3,0,0.4372556796418536,0.4656146982315794,-0.028359018589725837
1,blue_yellow,5,1,11,11,13,0,0.4816395454712255,0.5459121499145212,-0.06427260444329569
1,blue_yellow,5,1,12,12,0,0,0.4800770006932771,0.5471219821115763,-0.06704498141829918
1,blue_yellow,5,1,13,13,19,0,0.406850183687025,0.4462469197847408,-0.03939673609771577
1,blue_yellow,5,1,14,14,5,0,0.3825176572245645,0.6458437093456729,-0.26332605212110843
1,blue_yellow,5,1,15,15,0,0,0.41582802560163534,0.43929309372269976,-0.023465068121064414
1,blue_yellow,5,1,16,16,28,0,0.43301709556619505,0.5064386089381357,-0.0734215133719407
1,blue_yellow,5,1,17,17,18,0,0.6155803804924481,0.6155803870138958,-6.521447715179818e-09
1,blue_yellow,5,1,18,18,12,0,0.42768310905757934,0.5067474000004272,-0.07906429094284784
1,blue_yellow,5,1,19,19,26,0,0.3760259243977317,0.5246590679208547,-0.148633143523123
1,blue_yellow,5,1,20,20,15,0,0.3099401028514631,0.5125383437391944,-0.20259824088773126
1,blue_yellow,5,1,21,21,1,0,0.30664974986519045,0.5383915782212509,-0.2317418283560605
1,blue_yellow,5,1,22,22,3,0,0.34265958184070455,0.5107235630282897,-0.16806398118758514
1,blue_yellow,5,1,23,23,21,0,0.49350558467252026,0.4935055846725209,-6.661338147750939e-16
1,blue_yellow,5,1,24,24,1,0,0.288678313377653,0.4352224739687529,-0.14654416059109993
1,blue_yellow,5,1,25,25,6,0,0.3616305929332565,0.5161018482160927,-0.15447125528283623
1,blue_yellow,5,1,26,26,10,0,0.3476198012653942,0.5697522998326955,-0.22213249856730127
1,blue_yellow,5,1,27,27,7,0,0.3487174373799245,0.49129387925735124,-0.14257644187742674
1,blue_yellow,5,1,28,28,11,0,0.3063215281751196,0.4879971376216173,-0.1816756094464977
1,blue_yellow,5,1,29,29,8,0,0.40703704228672,0.4545688636233281,-0.047531821336608104
1,blue_yellow,5,1,30,30,21,0,0.3191132109509777,0.5202919715659795,-0.20117876061500178
1,blue_yellow,5,1,31,31,9,0,0.3204030616739134,0.42130848663826537,-0.10090542496435195
1,normal,1,0,0,0,8,0,0.4390846723065464,0.5358697697957626,-0.09678509748921621
1,normal,1,0,1,1,9,0,0.43250104338811973,0.5101582636422959,-0.07765722025417615
1,normal,1,0,2,2,21,0,0.38438789131399465,0.4117249754420967,-0.02733708412810204
1,normal,1,0,3,3,1,0,0.45960529239081743,0.45960529239081743,0.0
1,normal,1,0,4,4,26,0,0.43305568302062775,0.5293343622779302,-0.09627867925730244
1,normal,1,0,5,5,25,0,0.33909054859126303,0.5687360413642785,-0.22964549277301544
1,normal,1,0,6,6,19,0,0.34902079733393815,0.437831647661494,-0.08881085032755587
1,normal,1,0,7,7,10,0,0.4338848239965327,0.4813464954207398,-0.0474616714242071
1,normal,1,0,8,8,16,0,0.2739708943500709,0.48048719084036423,-0.20651629649029335
1,normal,1,0,9,9,19,0,0.3127999262498896,0.568459500154184,-0.2556595739042944
1,normal,1,0,10,10,9,0,0.3964544430434887,0.3964544441559068,-1.1124181020782942e-09
1,normal,1,0,11,11,0,0,0.3564787841144055,0.46109619324484397,-0.10461740913043849
1,normal,1,0,12,12,5,0,0.38204178571152275,0.5740415588010566,-0.1919997730895338
1,normal,1,0,13,13,15,0,0.4754229641588358,0.4754229641588361,-3.3306690738754696e-16
1,normal,1,0,14,14,3,0,0.29993636724680894,0.46814734466202984,-0.1682109774152209
1,normal,1,0,15,15,14,0,0.5458300278231216,0.5458300283500764,-5.269548131181523e-10
1,normal,1,0,16,16,5,0,0.3501199794198917,0.4721834409143176,-0.12206346149442587
1,normal,1,0,17,17,5,0,0.44103960324225433,0.44385363007842915,-0.002814026836174821
1,normal,1,0,18,18,12,0,0.3432359318478564,0.513290466915116,-0.17005453506725965
1,normal,1,0,19,19,10,0,0.2667795259306746,0.4520282805427899,-0.18524875461211526
1,normal,1,0,20,20,14,0,0.34780057706370415,0.4020643970679819,-0.05426382000427776
1,normal,1,0,21,21,5,0,0.32865083393444616,0.41660254908393624,-0.08795171514949007
1,normal,1,0,22,22,4,0,0.31799570734782856,0.38880031090699096,-0.0708046035591624
1,normal,1,0,23,23,4,0,0.37548983047435436,0.4838465506504124,-0.10835672017605802
1,normal,1,0,24,24,18,0,0.33543603178791837,0.42060759115725327,-0.0851715593693349
1,normal,1,0,25,25,2,0,0.3407067870327605,0.46456726833889217,-0.12386048130613164
1,normal,1,0,26,26,1,0,0.3232168735286649,0.5367336183569421,-0.2135167448282772
1,normal,1,0,27,27,25,0,0.38261268624400113,0.3826126862440014,-2.7755575615628914e-16
1,normal,1,0,28,28,4,0,0.3564043043883752,0.517760710133009,-0.16135640574463372
1,normal,1,0,29,29,25,0,0.287476188690114,0.5250818565180732,-0.23760566782795917
1,normal,1,0,30,30,0,0,0.40047274192786686,0.48440331523664404,-0.08393057330877718
1,normal,1,0,31,31,5,0,0.37462467884013007,0.5305585753125927,-0.15593389647246259
1,normal,1,1,0,0,1,0,0.5600077045347237,0.5600077084375997,-3.902876022365831e-09
1,normal,1,1,1,1,8,0,0.44127669694252464,0.5490604697127309,-0.10778377277020629
1,normal,1,1,2,2,5,0,0.3980194965756944,0.6017197558947481,-0.20370025931905372
1,normal,1,1,3,3,24,0,0.35470938594793694,0.5183325525448076,-0.16362316659687065
1,normal,1,1,4,4,6,0,0.5327065062044737,0.532706506204474,-3.3306690738754696e-16
1,normal,1,1,5,5,25,0,0.33286668619662496,0.43597847900226877,-0.10311179280564381
1,normal,1,1,6,6,4,0,0.4565190347436653,0.45651903474366556,-2.7755575615628914e-16
1,normal,1,1,7,7,2,0,0.5138562859134798,0.5224706484047018,-0.00861436249122205
1,normal,1,1,8,8,6,0,0.3022406223344048,0.43555334599555545,-0.13331272366115066
1,normal,1,1,9,9,4,0,0.39830567373863124,0.5394782629994029,-0.1411725892607717
1,normal,1,1,10,10,0,0,0.4355726582461469,0.522798076577567,-0.08722541833142017
1,normal,1,1,11,11,19,0,0.34119433729196386,0.5862705551533923,-0.24507621786142847
1,normal,1,1,12,12,0,0,0.3536280391126734,0.4895840389157893,-0.1359559998031159
1,normal,1,1,13,13,6,0,0.42433137315410974,0.5436815948424594,-0.11935022168834963
1,normal,1,1,14,14,3,0,0.4115041728071765,0.4388633811318329,-0.02735920832465638
1,normal,1,1,15,15,10,0,0.4208624109182226,0.4433987207037792,-0.022536309785556652
1,normal,1,1,16,16,24,0,0.40945887613807264,0.5231812488134381,-0.11372237267536545
1,normal,1,1,17,17,2,0,0.3974128599722751,0.4516467318317485,-0.054233871859473426
1,normal,1,1,18,18,29,0,0.30729341700821505,0.4895764385203167,-0.18228302151210163
1,normal,1,1,19,19,2,0,0.4187022587183527,0.5816670592883394,-0.1629648005699867
1,normal,1,1,20,20,2,0,0.3901393606712748,0.6474818349360479,-0.25734247426477314
1,normal,1,1,21,21,19,0,0.3888105079970836,0.5301105482158662,-0.14130004021878262
1,normal,1,1,22,22,9,0,0.297175425382272,0.46040674241395924,-0.16323131703168725
1,normal,1,1,23,23,4,0,0.31709079929567563,0.48763929647304394,-0.1705484971773683
1,normal,1,1,24,24,3,0,0.2988680945247454,0.6011735846268417,-0.3023054901020963
1,normal,1,1,25,25,8,0,0.2564358338129572,0.4859654236425286,-0.2295295898295714
1,normal,1,1,26,26,18,0,0.3498628819216861,0.5713948431479056,-0.2215319612262195
1,normal,1,1,27,27,2,0,0.40778801147058014,0.5140814078180383,-0.10629339634745821
1,normal,1,1,28,28,5,0,0.42476483203207516,0.5506396354253703,-0.12587480339329515
1,normal,1,1,29,29,2,0,0.29509002599494305,0.5215707681825038,-0.22648074218756076
1,normal,1,1,30,30,11,0,0.2904710099872821,0.5090994479658076,-0.21862843797852555
1,normal,1,1,31,31,1,0,0.28122486623351584,0.6071438764979404,-0.3259190102644246
1,normal,2,0,0,0,1,0,0.4267440735544306,0.42674410690695463,-3.3352524020369145e-08
1,normal,2,0,1,1,2,0,0.5152946838234811,0.5152948145653342,-1.3074185312156317e-07
1,normal,2,0,2,2,5,0,0.47536904208687364,0.5288871752448933,-0.05351813315801962
1,normal,2,0,3,3,10,0,0.42725641087877564,0.47900215411424235,-0.05174574323546671
1,normal,2,0,4,4,28,0,0.318091463334515,0.45444035197149313,-0.13634888863697814
1,normal,2,0,5,5,28,0,0.3632814155078524,0.5014221211734377,-0.13814070566558523
1,normal,2,0,6,6,8,0,0.33915685898586845,0.5192255965841285,-0.18006873759826003
1,normal,2,0,7,7,12,0,0.31960792914563635,0.5229717170599381,-0.2033637879143017
1,normal,2,0,8,8,17,0,0.35510851807757604,0.472720228606312,-0.11761171052873598
1,normal,2,0,9,9,28,0,0.32311991797261924,0.4734591744376613,-0.15033925646504204
1,normal,2,0,10,10,4,0,0.44187605487715503,0.4625106101280831,-0.020634555250928055
1,normal,2,0,11,11,0,0,0.30364939106812155,0.47243827418100753,-0.16878888311288598
1,normal,2,0,12,12,14,0,0.4232938296538418,0.42329382965384205,-2.220446049250313e-16
1,normal,2,0,13,13,3,0,0.40524564905598603,0.5314690890324564,-0.12622343997647034
1,normal,2,0,14,14,3,0,0.26248513240336424,0.46408400465181693,-0.2015988722484527
1,normal,2,0,15,15,4,0,0.3909051583780139,0.5415041253016765,-0.1505989669236626
1,normal,2,0,16,16,13,0,0.3713002229851538,0.3971879451840984,-0.025887722198944585
1,normal,2,0,17,17,16,0,0.587509436737261,0.5875095766154901,-1.3987822911065706e-07
1,normal,2,0,18,18,6,0,0.35593312126176646,0.6048109232587505,-0.24887780199698406
1,normal,2,0,19,19,6,0,0.2670753812566852,0.4366342606671029,-0.16955887941041775
1,normal,2,0,20,20,12,0,0.3380123533902648,0.4206187799164984,-0.08260642652623357
1,normal,2,0,21,21,3,0,0.30191552174835207,0.5210687417405907,-0.21915321999223863
1,normal,2,0,22,22,16,0,0.3422414304181454,0.5869249671690477,-0.24468353675090232
1,normal,2,0,23,23,0,0,0.31194380430776725,0.4901014304731087,-0.17815762616534148
1,normal,2,0,24,24,12,0,0.2739120517275888,0.46536597800588153,-0.19145392627829272
1,normal,2,0,25,25,7,0,0.3822459013699024,0.4994512631007425,-0.11720536173084012
1,normal,2,0,26,26,2,0,0.32858315971230245,0.6126610684135592,-0.2840779087012567
1,normal,2,0,27,27,9,0,0.32264506221368994,0.4885476083571039,-0.165902546143414
1,normal,2,0,28,28,11,0,0.38382355533414336,0.4550088394749343,-0.07118528414079095
1,normal,2,0,29,29,12,0,0.33023934833774987,0.46005982818989066,-0.1298204798521408
1,normal,2,0,30,30,7,0,0.4745432482081258,0.5184777121091502,-0.043934463901024345
1,normal,2,0,31,31,0,0,0.34284742859873873,0.4705883654331831,-0.12774093683444437
1,normal,2,1,0,0,19,0,0.3314853096841363,0.4831220033306038,-0.15163669364646748
1,normal,2,1,1,1,7,0,0.3385920450838715,0.5135938742770815,-0.17500182919321
1,normal,2,1,2,2,5,0,0.3607430252546315,0.464489702512416,-0.10374667725778453
1,normal,2,1,3,3,23,0,0.4407457686148194,0.502243655783527,-0.06149788716870763
1,normal,2,1,4,4,10,0,0.34992306322602074,0.5715319282549859,-0.22160886502896515
1,normal,2,1,5,5,4,0,0.5011812077147605,0.5011815193968215,-3.116820610493676e-07
1,normal,2,1,6,6,17,0,0.33448184672812104,0.48816716320444353,-0.1536853164763225
1,normal,2,1,7,7,21,0,0.3298747374462291,0.5076680763322362,-0.17779333888600712
1,normal,2,1,8,8,24,0,0.36169707175908955,0.4589085139818472,-0.09721144222275763
1,normal,2,1,9,9,17,0,0.40198990018517444,0.44266643004166273,-0.040676529856488286
1,normal,2,1,10,10,4,0,0.4630090773307622,0.5687894184743084,-0.10578034114354623
1,normal,2,1,11,11,10,0,0.5224763659702099,0.5224764609512799,-9.49810700090481e-08
1,normal,2,1,12,12,4,0,0.29082112376994174,0.47629879809604103,-0.1854776743260993
1,normal,2,1,13,13,3,0,0.3312065974710543,0.46593689612643535,-0.13473029865538105
1,normal,2,1,14,14,4,0,0.4173392982320744,0.5145772393702198,-0.09723794113814543
1,normal,2,1,15,15,17,0,0.32167469245981817,0.4814455759797304,-0.15977088351991225
1,normal,2,1,16,16,17,0,0.5519211429297511,0.5519211633185438,-2.0388792654202348e-08
1,normal,2,1,17,17,25,0,0.2583067637726386,0.5987157844167343,-0.34040902064409573
1,normal,2,1,18,18,2,0,0.49466714343968715,0.5888872020904947,-0.09422005865080757
1,normal,2,1,19,19,5,0,0.40148152280340343,0.4787427017607614,-0.07726117895735796
1,normal,2,1,20,20,13,0,0.295790829884727,0.4596430240560433,-0.1638521941713163
1,normal,2,1,21,21,3,0,0.4091140290371713,0.47713156686782654,-0.06801753783065523
1,normal,2,1,22,22,11,0,0.33812351765679116,0.5956859481407456,-0.25756243048395444
1,normal,2,1,23,23,19,0,0.3141750727336867,0.5749062759467617,-0.26073120321307497
1,normal,2,1,24,24,11,0,0.35993981414448595,0.4910996520788141,-0.13115983793432817
1,normal,2,1,25,25,12,0,0.36516522978020893,0.5864708342911851,-0.22130560451097614
1,normal,2,1,26,26,1,0,0.3056892097064569,0.47367506365913825,-0.16798585395268134
1,normal,2,1,27,27,1,0,0.36915945791673305,0.5696903363002765,-0.2005308783835435
1,normal,2,1,28,28,0,0,0.2740500399151357,0.40490050743068673,-0.13085046751555102
1,normal,2,1,29,29,26,0,0.3485082800339041,0.5092957560632233,-0.1607874760293192
1,normal,2,1,30,30,1,0,0.33957595703522536,0.48531077152063296,-0.1457348144854076
1,normal,2,1,31,31,17,0,0.3168324541427307,0.5082958139076603,-0.19146335976492962
1,normal,3,0,0,0,6,0,0.4277984913954993,0.44002811437478256,-0.012229622979283261
1,normal,3,0,1,1,12,0,0.3303044909053913,0.5770946944983949,-0.24679020359300358
1,normal,3,0,2,2,1,0,0.5085268756396563,0.508526877454344,-1.8146877334146438e-09
1,normal,3,0,3,3,3,1,0.4872058605375367,0.4872058605375367,2.7755575615628914e-16
1,normal,3,0,4,4,1,0,0.4151071768878179,0.44210355214453806,-0.026996375256720162
1,normal,3,0,5,5,0,0,0.3612595555505189,0.561065296870953,-0.19980574132043405
1,normal,3,0,6,6,0,0,0.4667855823396388,0.5161811594918201,-0.04939557715218129
1,normal,3,0,7,7,1,0,0.4797850486783783,0.4922539305896896,-0.012468881911311291
1,normal,3,0,8,8,4,0,0.32322720236911845,0.5748626193163724,-0.25163541694725394
1,normal,3,0,9,9,1,0,0.342913172069639,0.4442949276197752,-0.10138175555013618
1,normal,3,0,10,10,6,0,0.40512402418525645,0.5843973123402612,-0.1792732881550047
1,normal,3,0,11,11,6,0,0.4312333835406684,0.5341855659473795,-0.10295218240671111
1,normal,3,0,12,12,7,0,0.3201489078400897,0.5277755720784413,-0.20762666423835158
1,normal,3,0,13,13,7,0,0.38818726407495474,0.4755858371387566,-0.08739857306380183
1,normal,3,0,14,14,28,0,0.3985482208618773,0.48720717266319874,-0.08865895180132144
1,normal,3,0,15,15,0,0,0.42089042881300226,0.43055416362584503,-0.009663734812842772
1,normal,3,0,16,16,4,0,0.30588539553664085,0.4166289582370995,-0.11074356270045865
1,normal,3,0,17,17,26,0,0.3109211937864958,0.4579726470800255,-0.1470514532935297
1,normal,3,0,18,18,15,0,0.3032552886461609,0.5256245523173586,-0.2223692636711977
1,normal,3,0,19,19,18,0,0.5372596757829555,0.5372597151512614,-3.936830583750606e-08
1,normal,3,0,20,20,4,0,0.29729894164479675,0.5791979264979485,-0.2818989848531518
1,normal,3,0,21,21,21,1,0.5024524517842102,0.5024524517842102,3.3306690738754696e-16
1,normal,3,0,22,22,21,0,0.4429067432135686,0.4429067777180318,-3.450446317554423e-08
1,normal,3,0,23,23,11,0,0.3438067662929687,0.5224131685773076,-0.17860640228433888
1,normal,3,0,24,24,7,0,0.35975043768009024,0.436557330825218,-0.07680689314512779
1,normal,3,0,25,25,30,0,0.3248450084028583,0.4460270534755054,-0.12118204507264713
1,normal,3,0,26,26,3,0,0.3042198959321263,0.46565939561461694,-0.16143949968249066
1,normal,3,0,27,27,20,0,0.2588537823169358,0.48471705780874036,-0.22586327549180457
1,normal,3,0,28,28,19,0,0.27381254566164254,0.49339068877752507,-0.21957814311588253
1,normal,3,0,29,29,5,0,0.2402315246101126,0.4663821295156995,-0.22615060490558692
1,normal,3,0,30,30,21,0,0.38023155191031266,0.42010442717241203,-0.03987287526209937
1,normal,3,0,31,31,4,0,0.2912628478491274,0.5406368575533926,-0.2493740097042652
1,normal,3,1,0,0,0,1,0.48615071330095705,0.48615071330095705,2.7755575615628914e-16
1,normal,3,1,1,1,7,0,0.3215225087716066,0.5563972326841593,-0.2348747239125527
1,normal,3,1,2,2,10,0,0.3837183798823717,0.47517557798134286,-0.09145719809897118
1,normal,3,1,3,3,6,0,0.49115801780764395,0.5136355081793214,-0.0224774903716774
1,normal,3,1,4,4,12,0,0.5173767143420421,0.5373654437996662,-0.019988729457624088
1,normal,3,1,5,5,9,0,0.5113495258730675,0.5573317136345683,-0.04598218776150087
1,normal,3,1,6,6,1,0,0.42898409320965997,0.49415968563977475,-0.06517559243011478
1,normal,3,1,7,7,5,0,0.5517313021414492,0.5517313021414494,-2.220446049250313e-16
1,normal,3,1,8,8,17,0,0.4685608743636562,0.48489182083687227,-0.01633094647321609
1,normal,3,1,9,9,20,0,0.4379322895340433,0.49547893273837523,-0.05754664320433195
1,normal,3,1,10,10,7,0,0.3922796842327596,0.45431654798495724,-0.062036863752197635
1,normal,3,1,11,11,5,0,0.3452455125986383,0.5361494389635973,-0.19090392636495906
1,normal,3,1,12,12,3,0,0.3763971449093403,0.5777720536778349,-0.20137490876849462
1,normal,3,1,13,13,0,0,0.28247898263447263,0.551551640869648,-0.2690726582351754
1,normal,3,1,14,14,8,0,0.3473845209604464,0.4960511705420697,-0.1486666495816233
1,normal,3,1,15,15,5,0,0.4674647375809475,0.6079887118317793,-0.1405239742508318
1,normal,3,1,16,16,8,0,0.45788539390540894,0.498173439324147,-0.04028804541873804
1,normal,3,1,17,17,18,0,0.5967019488008878,0.5967019605746771,-1.1773789276858793e-08
1,normal,3,1,18,18,3,0,0.3857053671203915,0.512654327278745,-0.12694896015835355
1,normal,3,1,19,19,0,0,0.41032402012905256,0.4621192014345189,-0.05179518130546634
1,normal,3,1,20,20,3,0,0.32106425153174567,0.522415618246593,-0.20135136671484732
1,normal,3,1,21,21,2,0,0.3066324805996651,0.585345061564242,-0.27871258096457696
1,normal,3,1,22,22,3,0,0.45050489129242716,0.4687230138537109,-0.018218122561283745
1,normal,3,1,23,23,5,0,0.44559446936384267,0.4888300199969033,-0.043235550633060615
1,normal,3,1,24,24,30,0,0.3128597665457032,0.46663935494070535,-0.15377958839500216
1,normal,3,1,25,25,1,0,0.40376986846765767,0.4602308793409666,-0.05646101087330896
1,normal,3,1,26,26,3,0,0.3162767635621201,0.4554280915049662,-0.13915132794284613
1,normal,3,1,27,27,18,0,0.3438340579402184,0.4562481506933345,-0.11241409275311615
1,normal,3,1,28,28,29,0,0.41808752572137875,0.4180875877465439,-6.202516517062051e-08
1,normal,3,1,29,29,1,0,0.34097559495217755,0.5182175276513655,-0.17724193269918798
1,normal,3,1,30,30,7,0,0.25799273348876317,0.5878879768463999,-0.32989524335763676
1,normal,3,1,31,31,24,0,0.3647328870709945,0.5433169453549623,-0.17858405828396784
1,normal,4,0,0,0,19,0,0.29725691371741064,0.4845727642892451,-0.18731585057183447
1,normal,4,0,1,1,19,0,0.41669664196994743,0.6080220990167035,-0.19132545704675602
1,normal,4,0,2,2,14,0,0.3754649353884757,0.4101843122026654,-0.034719376814189684
1,normal,4,0,3,3,23,0,0.42318526685710095,0.4410023440194162,-0.01781707716231523
1,normal,4,0,4,4,29,0,0.35588638392133537,0.5212022407713828,-0.1653158568500474
1,normal,4,0,5,5,7,0,0.4539593516870878,0.45395935168708784,-5.551115123125783e-17
1,normal,4,0,6,6,6,1,0.4775198144773659,0.4775198144773659,9.992007221626409e-16
1,normal,4,0,7,7,16,0,0.5064426147160478,0.6075716639185612,-0.10112904920251342
1,normal,4,0,8,8,19,0,0.3465359821509882,0.5344167378704678,-0.18788075571947965
1,normal,4,0,9,9,16,0,0.401627713364044,0.5037339416736665,-0.10210622830962246
1,normal,4,0,10,10,27,0,0.45254375978104217,0.46672694643149426,-0.014183186650452095
1,normal,4,0,11,11,20,0,0.3892114504259291,0.47864766074129644,-0.08943621031536736
1,normal,4,0,12,12,11,0,0.42603629452022534,0.47636716963574305,-0.050330875115517704
1,normal,4,0,13,13,11,0,0.3073867334854613,0.49783312624651405,-0.19044639276105274
1,normal,4,0,14,14,7,0,0.45735141708660704,0.4889071984618839,-0.03155578137527687
1,normal,4,0,15,15,1,0,0.3995364607268451,0.4624296024729309,-0.06289314174608579
1,normal,4,0,16,16,3,0,0.3814412503094905,0.47806111322292094,-0.09661986291343044
1,normal,4,0,17,17,5,0,0.2749634438941572,0.5702194979302342,-0.29525605403607696
1,normal,4,0,18,18,6,0,0.4258546613754349,0.440922703768993,-0.015068042393558134
1,normal,4,0,19,19,8,0,0.4111451074245464,0.5038571041749971,-0.09271199675045066
1,normal,4,0,20,20,16,0,0.42096751060433035,0.5642454606940576,-0.1432779500897272
1,normal,4,0,21,21,2,0,0.3518146868440297,0.4870926644174623,-0.13527797757343257
1,normal,4,0,22,22,0,0,0.36864290754973694,0.4460208547570724,-0.07737794720733548
1,normal,4,0,23,23,27,0,0.3504781028599512,0.4631120398027245,-0.1126339369427733
1,normal,4,0,24,24,4,0,0.35588988927741744,0.4372809878252112,-0.08139109854779375
1,normal,4,0,25,25,1,0,0.33267237745849637,0.4680900661640436,-0.1354176887055472
1,normal,4,0,26,26,1,0,0.444822502666162,0.563036408759601,-0.11821390609343901
1,normal,4,0,27,27,25,0,0.44421218050234235,0.4442121805023426,-2.7755575615628914e-16
1,normal,4,0,28,28,8,0,0.308900817598999,0.5323991167323778,-0.22349829913337882
1,normal,4,0,29,29,21,0,0.20094832377336871,0.4491501884119897,-0.248201864638621
1,normal,4,0,30,30,9,0,0.3134667008657969,0.5386920772652473,-0.22522537639945034
1,normal,4,0,31,31,19,0,0.391733957016176,0.45338967814452785,-0.061655721128351826
1,normal,4,1,0,0,3,0,0.44588679548226445,0.4458868010598972,-5.577632744557803e-09
1,normal,4,1,1,1,13,0,0.42356394451558815,0.4796434002242891,-0.05607945570870093
1,normal,4,1,2,2,6,0,0.4751724648965583,0.507290188308939,-0.03211772341238073
1,normal,4,1,3,3,12,0,0.44493557970928643,0.48522126887420425,-0.040285689164917815
1,normal,4,1,4,4,3,0,0.34846030395989946,0.5691133990174511,-0.2206530950575516
1,normal,4,1,5,5,2,0,0.46635347334778604,0.5379143154944424,-0.07156084214665631
1,normal,4,1,6,6,3,0,0.427418956803828,0.4926336872650383,-0.06521473046121029
1,normal,4,1,7,7,0,0,0.39823631414167704,0.4919902332963883,-0.09375391915471126
1,normal,4,1,8,8,16,0,0.3996620776680936,0.5214175488696389,-0.12175547120154528
1,normal,4,1,9,9,8,0,0.6049143751020097,0.6049144512719056,-7.616989583514311e-08
1,normal,4,1,10,10,14,0,0.3941605525064405,0.4642349184011439,-0.0700743658947034
1,normal,4,1,11,11,19,0,0.3135196495176273,0.5072318046080642,-0.19371215509043688
1,normal,4,1,12,12,12,1,0.5186742110096552,0.5186742110096552,1.1102230246251565e-16
1,normal,4,1,13,13,5,0,0.4022894426650067,0.4892688355408266,-0.0869793928758199
1,normal,4,1,14,14,13,0,0.4651894106401427,0.46518941807452596,-7.4343832756618156e-09
1,normal,4,1,15,15,11,0,0.4788681790361717,0.4916258525456858,-0.012757673509514122
1,normal,4,1,16,16,6,0,0.3414247966011225,0.4623508614675572,-0.1209260648664347
1,normal,4,1,17,17,0,0,0.38962211514683787,0.47723013532919856,-0.08760802018236069
1,normal,4,1,18,18,3,0,0.38194081291195914,0.49384575440947837,-0.11190494149751923
1,normal,4,1,19,19,26,0,0.3767734156346511,0.46089473186416624,-0.08412131622951513
1,normal,4,1,20,20,23,0,0.48632279315591187,0.4863227953888494,-2.2329375570784293e-09
1,normal,4,1,21,21,15,0,0.4496786516667215,0.45401877216373676,-0.004340120497015265
1,normal,4,1,22,22,3,0,0.4030842406134103,0.4965340429035532,-0.09344980229014288
1,normal,4,1,23,23,11,0,0.4093214184210738,0.5084837498533911,-0.09916233143231729
1,normal,4,1,24,24,21,0,0.32916182353467777,0.3890313399020005,-0.05986951636732274
1,normal,4,1,25,25,2,0,0.36452634705046416,0.5274338126621826,-0.16290746561171843
1,normal,4,1,26,26,2,0,0.2814446120231435,0.5074491667292417,-0.22600455470609815
1,normal,4,1,27,27,0,0,0.32900613860528233,0.5267676825386735,-0.19776154393339113
1,normal,4,1,28,28,4,0,0.22291140788394057,0.49698669673307283,-0.27407528884913224
1,normal,4,1,29,29,10,0,0.25862741019411706,0.5394661300604956,-0.28083871986637854
1,normal,4,1,30,30,25,0,0.3685925257510177,0.44395686625077224,-0.07536434049975455
1,normal,4,1,31,31,5,0,0.4178052288039677,0.47999805821938124,-0.06219282941541354
1,normal,5,0,0,0,22,0,0.4025796326012617,0.43856894828791854,-0.03598931568665681
1,normal,5,0,1,1,16,0,0.44461932731596604,0.4455363911125862,-0.0009170637966201545
1,normal,5,0,2,2,21,0,0.41892592603802703,0.44517437676172344,-0.026248450723696415
1,normal,5,0,3,3,9,0,0.39195904275545757,0.5085485160661417,-0.11658947331068414
1,normal,5,0,4,4,7,0,0.44252498521344574,0.44252501254996707,-2.7336521324361485e-08
1,normal,5,0,5,5,15,0,0.42202368106340443,0.45946884793367393,-0.0374451668702695
1,normal,5,0,6,6,24,0,0.44260279768762056,0.5057377372563182,-0.06313493956869765
1,normal,5,0,7,7,0,0,0.424193993778329,0.44919039535477645,-0.024996401576447447
1,normal,5,0,8,8,22,0,0.3906317356250906,0.440054573003455,-0.04942283737836439
1,normal,5,0,9,9,15,0,0.4085053271768512,0.4908421482828937,-0.08233682110604251
1,normal,5,0,10,10,30,0,0.3891399256219535,0.4783368618328919,-0.08919693621093844
1,normal,5,0,11,11,8,0,0.48911320732767666,0.48911326222515367,-5.4897477008708506e-08
1,normal,5,0,12,12,21,0,0.37860989514116355,0.46717297702343713,-0.08856308188227358
1,normal,5,0,13,13,6,0,0.3524098592891269,0.4598249874642254,-0.10741512817509852
1,normal,5,0,14,14,20,0,0.4338754011792103,0.46783274607802333,-0.033957344898813024
1,normal,5,0,15,15,7,0,0.49512754313792373,0.5167649081485609,-0.021637365010637177
1,normal,5,0,16,16,8,0,0.3699432505975248,0.49215430279045425,-0.12221105219292944
1,normal,5,0,17,17,21,0,0.29356311797658563,0.4201052553437194,-0.12654213736713377
1,normal,5,0,18,18,5,0,0.3334077025380152,0.5114124883112312,-0.178004785773216
1,normal,5,0,19,19,13,0,0.4478505650404191,0.5033727372933513,-0.05552217225293221
1,normal,5,0,20,20,13,0,0.3443472732371259,0.5623814854998295,-0.2180342122627036
1,normal,5,0,21,21,2,0,0.4112505312364754,0.46339867439589005,-0.05214814315941463
1,normal,5,0,22,22,3,0,0.29198543064558435,0.6703592811555695,-0.3783738505099852
1,normal,5,0,23,23,10,0,0.365429190878974,0.42535640411128317,-0.05992721323230915
1,normal,5,0,24,24,11,0,0.2658404844723793,0.44199839585154865,-0.17615791137916936
1,normal,5,0,25,25,8,0,0.4908584942655683,0.526067559778044,-0.03520906551247566
1,normal,5,0,26,26,24,0,0.5202059311395929,0.520205931139593,-1.1102230246251565e-16
1,normal,5,0,27,27,12,0,0.3892380176023409,0.41874586227659544,-0.029507844674254546
1,normal,5,0,28,28,1,0,0.3953760763707935,0.44633439446518386,-0.05095831809439033
1,normal,5,0,29,29,19,0,0.29374931777737673,0.5073723371979394,-0.21362301942056267
1,normal,5,0,30,30,6,0,0.4780243559344649,0.5364180356459237,-0.05839367971145881
1,normal,5,0,31,31,18,0,0.35676165016567113,0.44873580575015015,-0.09197415558447902
1,normal,5,1,0,0,8,0,0.4619550348788021,0.483457081762824,-0.021502046884021908
1,normal,5,1,1,1,16,0,0.42602599770279354,0.48424465597447613,-0.0582186582716826
1,normal,5,1,2,2,5,0,0.3904662550541278,0.4961975835389899,-0.10573132848486211
1,normal,5,1,3,3,27,0,0.47677248269375666,0.5018477419556535,-0.025075259261896854
1,normal,5,1,4,4,13,0,0.5391485212302577,0.5449802026385349,-0.005831681408277167
1,normal,5,1,5,5,13,0,0.4225848210751218,0.4875128583109287,-0.06492803723580692
1,normal,5,1,6,6,8,0,0.33704855579484344,0.4610148143911509,-0.12396625859630744
1,normal,5,1,7,7,0,0,0.3307343663239303,0.49901382378600767,-0.1682794574620774
1,normal,5,1,8,8,6,0,0.31131114690393064,0.5056770490635524,-0.19436590215962174
1,normal,5,1,9,9,19,0,0.39729750168871025,0.493294849554807,-0.09599734786609676
1,normal,5,1,10,10,21,0,0.39904642494342973,0.4651593139624117,-0.06611288901898199
1,normal,5,1,11,11,10,0,0.4617296896744413,0.4617298514390579,-1.6176461664629826e-07
1,normal,5,1,12,12,14,0,0.42499743674737883,0.4249974367473789,-5.551115123125783e-17
1,normal,5,1,13,13,1,0,0.3483004376846268,0.5401828811214046,-0.19188244343677774
1,normal,5,1,14,14,20,0,0.33430263568838803,0.45520980810652883,-0.12090717241814081
1,normal,5,1,15,15,10,0,0.4169491726289316,0.44859753999737445,-0.03164836736844284
1,normal,5,1,16,16,6,0,0.3650725679762561,0.5953171314964331,-0.23024456352017697
1,normal,5,1,17,17,16,0,0.3946485155360119,0.39464853345415685,-1.791814496776567e-08
1,normal,5,1,18,18,12,0,0.30874843987361933,0.5818800012172637,-0.27313156134364436
1,normal,5,1,19,19,21,0,0.34644610095459255,0.44748691379258576,-0.10104081283799321
1,normal,5,1,20,20,17,0,0.37288974260079044,0.4697253532610737,-0.09683561066028323
1,normal,5,1,21,21,0,0,0.31410455489191647,0.49074549072630214,-0.17664093583438567
1,normal,5,1,22,22,8,0,0.3779518909608319,0.5377507314721637,-0.15979884051133175
1,normal,5,1,23,23,6,0,0.4181837965229933,0.42555926894392837,-0.007375472420935059
1,normal,5,1,24,24,9,0,0.39612881390086996,0.5707351699927065,-0.1746063560918365
1,normal,5,1,25,25,11,0,0.3405656600286868,0.5027853397098673,-0.16221967968118045
1,normal,5,1,26,26,17,0,0.31786497401601843,0.45102801323242475,-0.13316303921640632
1,normal,5,1,27,27,0,0,0.3646315451680556,0.49582378141734734,-0.13119223624929172
1,normal,5,1,28,28,7,0,0.3968824538702393,0.41735394579605994,-0.02047149192582065
1,normal,5,1,29,29,3,0,0.3525276300347602,0.44309368617668726,-0.09056605614192709
1,normal,5,1,30,30,9,0,0.27424206829047265,0.515268931203749,-0.2410268629132763
1,normal,5,1,31,31,19,0,0.2771030934593332,0.4957193499588554,-0.2186162564995222
1,red_green,1,0,0,0,0,1,0.5451353137920218,0.5451353137920218,2.220446049250313e-16
1,red_green,1,0,1,1,5,0,0.3489127155739988,0.5113759204783379,-0.16246320490433913
1,red_green,1,0,2,2,16,0,0.31612261943000375,0.7079616572739469,-0.39183903784394314
1,red_green,1,0,3,3,0,0,0.438692102667239,0.43869211448301276,-1.1815773748313774e-08
1,red_green,1,0,4,4,27,0,0.4411787298764505,0.49499021921933056,-0.05381148934288005
1,red_green,1,0,5,5,25,0,0.38813854547043736,0.5609431146619727,-0.1728045691915353
1,red_green,1,0,6,6,0,0,0.42965182613810116,0.4647803245779,-0.035128498439798816
1,red_green,1,0,7,7,10,0,0.4916231010822801,0.5712938394985777,-0.07967073841629763
1,red_green,1,0,8,8,2,0,0.33693797179956275,0.4670295045085173,-0.13009153270895457
1,red_green,1,0,9,9,17,0,0.35316380655501256,0.46604615578481445,-0.11288234922980189
1,red_green,1,0,10,10,7,0,0.27849412471768137,0.46748563200903925,-0.18899150729135789
1,red_green,1,0,11,11,19,0,0.39793507324599386,0.5288940415329744,-0.1309589682869805
1,red_green,1,0,12,12,3,0,0.24985021419723316,0.4885884570198017,-0.23873824282256853
1,red_green,1,0,13,13,1,0,0.3165164480303494,0.47948154673332904,-0.16296509870297965
1,red_green,1,0,14,14,4,0,0.3889928907570568,0.533876596520849,-0.14488370576379217
1,red_green,1,0,15,15,17,0,0.35334785152652964,0.4704851866287555,-0.11713733510222585
1,red_green,1,0,16,16,16,1,0.5266633418182642,0.5266633418182642,2.220446049250313e-16
1,red_green,1,0,17,17,24,0,0.41378922328131434,0.4918046824217763,-0.07801545914046193
1,red_green,1,0,18,18,18,1,0.45581927581934106,0.45581927581934106,2.220446049250313e-16
1,red_green,1,0,19,19,1,0,0.41947880360315926,0.49031730389121075,-0.0708385002880515
1,red_green,1,0,20,20,11,0,0.3277754901324519,0.4094302077916723,-0.08165471765922039
1,red_green,1,0,21,21,18,0,0.447202815715703,0.48044119181416983,-0.03323837609846686
1,red_green,1,0,22,22,6,0,0.31996536227561667,0.4487850285031376,-0.12881966622752095
1,red_green,1,0,23,23,7,0,0.3608184749267172,0.48373194408523407,-0.12291346915851686
1,red_green,1,0,24,24,0,0,0.34735713840281324,0.4793099014648011,-0.1319527630619879
1,red_green,1,0,25,25,9,0,0.4672156829929766,0.5008560105131108,-0.03364032752013418
1,red_green,1,0,26,26,0,0,0.24232169777997764,0.4511482201349387,-0.20882652235496107
1,red_green,1,0,27,27,2,0,0.5321704528830168,0.6410953963300766,-0.10892494344705983
1,red_green,1,0,28,28,0,0,0.3378220256168863,0.5506566016375655,-0.21283457602067918
1,red_green,1,0,29,29,24,0,0.35777437566915565,0.5216394648163075,-0.16386508914715187
1,red_green,1,0,30,30,11,0,0.40147488117741076,0.4983713949921382,-0.09689651381472741
1,red_green,1,0,31,31,20,0,0.43268165500757927,0.4749242379853689,-0.042242582977789656
1,red_green,1,1,0,0,0,1,0.649789619528429,0.649789619528429,0.0
1,red_green,1,1,1,1,19,0,0.41808339889038254,0.48925239129218007,-0.07116899240179753
1,red_green,1,1,2,2,9,0,0.49303566324485854,0.5180800784649484,-0.025044415220089877
1,red_green,1,1,3,3,25,0,0.44467181520887994,0.6418955157905101,-0.19722370058163013
1,red_green,1,1,4,4,10,0,0.41959977585033803,0.5543750093768939,-0.13477523352655585
1,red_green,1,1,5,5,2,0,0.35286881898655337,0.49805061950320395,-0.14518180051665058
1,red_green,1,1,6,6,17,0,0.2675108535508615,0.5386615669347735,-0.271150713383912
1,red_green,1,1,7,7,3,0,0.3867829555929262,0.5215373592686886,-0.1347544036757624
1,red_green,1,1,8,8,3,0,0.4661576064751884,0.4894051209612662,-0.023247514486077814
1,red_green,1,1,9,9,11,0,0.474135295827958,0.4741352958279583,-3.3306690738754696e-16
1,red_green,1,1,10,10,7,0,0.3017137802584476,0.45246668267393597,-0.1507529024154884
1,red_green,1,1,11,11,5,0,0.3836373933684448,0.5080726403808853,-0.12443524701244046
1,red_green,1,1,12,12,9,0,0.3069961932306933,0.5039509045058725,-0.19695471127517922
1,red_green,1,1,13,13,6,0,0.25498243271187104,0.536275493577437,-0.28129306086556594
1,red_green,1,1,14,14,6,0,0.4033975529483158,0.44256241808716523,-0.039164865138849425
1,red_green,1,1,15,15,3,0,0.30448985421198904,0.4630530006465135,-0.15856314643452446
1,red_green,1,1,16,16,24,0,0.45578071272730913,0.5275617015590874,-0.0717809888317783
1,red_green,1,1,17,17,9,0,0.30749615080469817,0.4583062848733526,-0.15081013406865446
1,red_green,1,1,18,18,30,0,0.3434473753448217,0.5155310663678507,-0.172083691023029
1,red_green,1,1,19,19,8,0,0.26218524953338257,0.4979403687405962,-0.23575511920721365
1,red_green,1,1,20,20,8,0,0.28220112738504116,0.4393222478469715,-0.15712112046193033
1,red_green,1,1,21,21,6,0,0.31492757973681396,0.5561429811855444,-0.24121540144873044
1,red_green,1,1,22,22,13,0,0.30654671447639964,0.4631571756594447,-0.15661046118304506
1,red_green,1,1,23,23,11,0,0.2844257426600215,0.5008134132877381,-0.21638767062771658
1,red_green,1,1,24,24,28,0,0.4014913365343059,0.5458060310620573,-0.14431469452775136
1,red_green,1,1,25,25,7,0,0.3334954083660227,0.4907984380303147,-0.157303029664292
1,red_green,1,1,26,26,11,0,0.37585335383792257,0.5187792295225238,-0.1429258756846012
1,red_green,1,1,27,27,0,0,0.3153494052813566,0.49080753260374016,-0.17545812732238358
1,red_green,1,1,28,28,31,0,0.4716214788812302,0.4716215018305964,-2.2949366240698765e-08
1,red_green,1,1,29,29,12,0,0.27315491533008135,0.6379045103394428,-0.3647495950093615
1,red_green,1,1,30,30,10,0,0.4080013036500471,0.5065413803771207,-0.0985400767270736
1,red_green,1,1,31,31,5,0,0.24075518034828716,0.4926958497303406,-0.2519406693820534
1,red_green,2,0,0,0,11,0,0.3999306531827533,0.44428190306898363,-0.04435124988623035
1,red_green,2,0,1,1,1,1,0.49079752443277475,0.49079752443277475,3.3306690738754696e-16
1,red_green,2,0,2,2,19,0,0.43946769165683947,0.516323730475349,-0.0768560388185095
1,red_green,2,0,3,3,9,0,0.3639240396288204,0.5781846521585393,-0.2142606125297189
1,red_green,2,0,4,4,22,0,0.38704192423073513,0.4468949189377742,-0.05985299470703909
1,red_green,2,0,5,5,11,0,0.32512183531306044,0.5035595126606865,-0.1784376773476261
1,red_green,2,0,6,6,10,0,0.3212972380836097,0.43775876307129036,-0.11646152498768064
1,red_green,2,0,7,7,12,0,0.3631193902455515,0.48916057024746307,-0.12604118000191156
1,red_green,2,0,8,8,2,0,0.4485274152872287,0.4756758611214205,-0.027148445834191792
1,red_green,2,0,9,9,8,0,0.49521071832839825,0.4952107262103174,-7.881919172891827e-09
1,red_green,2,0,10,10,4,0,0.3915054690186123,0.43650266130157633,-0.04499719228296406
1,red_green,2,0,11,11,15,0,0.4450394385452062,0.4872501028865259,-0.042210664341319704
1,red_green,2,0,12,12,0,0,0.33843084255392136,0.5885900574376677,-0.2501592148837463
1,red_green,2,0,13,13,3,0,0.45286433691202566,0.4791655048137591,-0.026301167901733424
1,red_green,2,0,14,14,3,0,0.43842779797396186,0.6074747767980315,-0.16904697882406966
1,red_green,2,0,15,15,1,0,0.4238122336838847,0.6075556691370885,-0.18374343545320376
1,red_green,2,0,16,16,0,0,0.29367385183588596,0.4602506092259481,-0.16657675739006217
1,red_green,2,0,17,17,18,0,0.6947491268609292,0.6947491279865496,-1.125620485709078e-09
1,red_green,2,0,18,18,11,0,0.35877570534701186,0.4800980617277667,-0.12132235638075484
1,red_green,2,0,19,19,29,0,0.37732447286968174,0.53884527471184,-0.16152080184215822
1,red_green,2,0,20,20,5,0,0.2766947089379609,0.5180172022774512,-0.2413224933394903
1,red_green,2,0,21,21,30,0,0.34205933858058885,0.5015818165819315,-0.15952247800134262
1,red_green,2,0,22,22,17,0,0.4566960257448737,0.5130051247058085,-0.05630909896093478
1,red_green,2,0,23,23,16,0,0.2705355782903198,0.48473819380533484,-0.21420261551501502
1,red_green,2,0,24,24,6,0,0.42883696966676565,0.5051267580875418,-0.07628978842077616
1,red_green,2,0,25,25,5,0,0.3363382961138525,0.4492027603874656,-0.11286446427361307
1,red_green,2,0,26,26,12,0,0.2901389629424403,0.4894973845867946,-0.1993584216443543
1,red_green,2,0,27,27,1,0,0.33827332661086595,0.5080531782091352,-0.16977985159826925
1,red_green,2,0,28,28,0,0,0.438189071043099,0.5460207558885074,-0.1078316848454084
1,red_green,2,0,29,29,20,0,0.32905946671944575,0.488314412401929,-0.15925494568248327
1,red_green,2,0,30,30,29,0,0.4398734052509713,0.4398734194908336,-1.4239862289322502e-08
1,red_green,2,0,31,31,11,0,0.3446842864121597,0.5485594276738519,-0.2038751412616922
1,red_green,2,1,0,0,8,0,0.5442591239032861,0.7796838841889808,-0.2354247602856947
1,red_green,2,1,1,1,19,0,0.3940272571538175,0.5155102675229847,-0.1214830103691672
1,red_green,2,1,2,2,10,0,0.43025423724525286,0.562915727550351,-0.13266149030509816
1,red_green,2,1,3,3,27,0,0.44400127534026956,0.5089213494543999,-0.06492007411413037
1,red_green,2,1,4,4,5,0,0.43464574511312287,0.4346457575824545,-1.2469331622799729e-08
1,red_green,2,1,5,5,6,0,0.5106929874664269,0.5106930103778623,-2.2911435415551296e-08
1,red_green,2,1,6,6,14,0,0.340513998158022,0.5459323584894271,-0.2054183603314051
1,red_green,2,1,7,7,0,0,0.3745077862067639,0.4937444049559819,-0.11923661874921798
1,red_green,2,1,8,8,5,0,0.36212492805299085,0.4493773679523763,-0.08725243989938547
1,red_green,2,1,9,9,4,0,0.29798911575181597,0.5316917575786844,-0.2337026418268684
1,red_green,2,1,10,10,5,0,0.38455494309587346,0.5838470754415755,-0.1992921323457021
1,red_green,2,1,11,11,2,0,0.5027869110099283,0.5784890447506063,-0.07570213374067791
1,red_green,2,1,12,12,4,0,0.4040188162174353,0.5511461150564219,-0.14712729883898656
1,red_green,2,1,13,13,5,0,0.38827219510997546,0.5687280066664547,-0.18045581155647927
1,red_green,2,1,14,14,9,0,0.512931140933275,0.5242955800716451,-0.011364439138370153
1,red_green,2,1,15,15,28,0,0.38029461377381657,0.5829151931253129,-0.20262057935149635
1,red_green,2,1,16,16,17,0,0.6976313053167111,0.6976313058230551,-5.063439667551961e-10
1,red_green,2,1,17,17,0,0,0.47044841904212753,0.47273808149749424,-0.0022896624553667144
1,red_green,2,1,18,18,3,0,0.4044309393574619,0.5795451227632153,-0.17511418340575347
1,red_green,2,1,19,19,9,0,0.3742301536687537,0.5676864007706831,-0.19345624710192943
1,red_green,2,1,20,20,11,0,0.4094334269670491,0.49966193027641853,-0.09022850330936943
1,red_green,2,1,21,21,4,0,0.3016737485322071,0.4755183459314569,-0.17384459739924985
1,red_green,2,1,22,22,0,0,0.20428149120683803,0.49888018970998127,-0.29459869850314324
1,red_green,2,1,23,23,12,0,0.34906869003618346,0.5355339423737951,-0.1864652523376117
1,red_green,2,1,24,24,11,0,0.2650400185706849,0.5159896012984071,-0.2509495827277222
1,red_green,2,1,25,25,1,0,0.2894733327013078,0.544763826509513,-0.25529049380820523
1,red_green,2,1,26,26,25,0,0.4484031379315097,0.44840314799821573,-1.0066706024325356e-08
1,red_green,2,1,27,27,2,0,0.4488867544849721,0.5821725881017958,-0.13328583361682372
1,red_green,2,1,28,28,1,0,0.2335509026810963,0.4617444228497419,-0.22819352016864558
1,red_green,2,1,29,29,3,0,0.33315425700475176,0.5684715903723869,-0.23531733336763516
1,red_green,2,1,30,30,2,0,0.4199331986142427,0.5120198471474626,-0.0920866485332199
1,red_green,2,1,31,31,19,0,0.28577039226259676,0.7273777236939263,-0.4416073314313295
1,red_green,3,0,0,0,15,0,0.4952583149572596,0.519630229027298,-0.02437191407003847
1,red_green,3,0,1,1,2,0,0.44616784363165224,0.4461678746075435,-3.097589124090305e-08
1,red_green,3,0,2,2,17,0,0.357301751109238,0.4226775420899616,-0.0653757909807236
1,red_green,3,0,3,3,11,0,0.37033238869243496,0.5180429599209897,-0.14771057122855474
1,red_green,3,0,4,4,0,0,0.40536589573397985,0.47272998264287547,-0.06736408690889562
1,red_green,3,0,5,5,27,0,0.3020865867840015,0.4162314055004551,-0.1141448187164536
1,red_green,3,0,6,6,5,0,0.480151421977192,0.48015143212214256,-1.0144950546298048e-08
1,red_green,3,0,7,7,17,0,0.30278456593640113,0.49278143318141404,-0.1899968672450129
1,red_green,3,0,8,8,6,0,0.4563046717195095,0.5315071885191645,-0.07520251679965495
1,red_green,3,0,9,9,2,0,0.34710224809960893,0.4925225686515659,-0.14542032055195697
1,red_green,3,0,10,10,16,0,0.42395366116966293,0.50909948086249,-0.08514581969282708
1,red_green,3,0,11,11,16,0,0.4539139412559934,0.5073635045445393,-0.05344956328854589
1,red_green,3,0,12,12,10,0,0.3661944796818248,0.5213234353715808,-0.155128955689756
1,red_green,3,0,13,13,8,0,0.3600428040074614,0.4457689055787475,-0.08572610157128607
1,red_green,3,0,14,14,7,0,0.41799452304281376,0.5099604509662466,-0.09196592792343289
1,red_green,3,0,15,15,5,0,0.4243497910907163,0.4882468150422032,-0.06389702395148689
1,red_green,3,0,16,16,28,0,0.41789925038866516,0.5381062903661153,-0.12020703997745019
1,red_green,3,0,17,17,5,0,0.41716642771424567,0.42377218620146595,-0.006605758487220281
1,red_green,3,0,18,18,4,0,0.31286038348802403,0.4680480702191814,-0.15518768673115735
1,red_green,3,0,19,19,12,0,0.3938802070415111,0.4766137600867668,-0.0827335530452557
1,red_green,3,0,20,20,11,0,0.3521217395959565,0.4516931812285566,-0.09957144163260012
1,red_green,3,0,21,21,18,0,0.2878177781371763,0.47660770432485317,-0.18878992618767687
1,red_green,3,0,22,22,21,0,0.5267429133447743,0.5267429288927781,-1.5548003773346863e-08
1,red_green,3,0,23,23,1,0,0.294215022366014,0.43808494867493863,-0.14386992630892464
1,red_green,3,0,24,24,1,0,0.4299035058525998,0.5267996736297204,-0.09689616777712057
1,red_green,3,0,25,25,26,0,0.4685239283581287,0.4685239590426876,-3.0684558893767644e-08
1,red_green,3,0,26,26,15,0,0.35958670925239483,0.5290439047660876,-0.16945719551369282
1,red_green,3,0,27,27,18,0,0.3701007975138499,0.44230349782584366,-0.07220270031199377
1,red_green,3,0,28,28,15,0,0.3321936997798048,0.4841581978651955,-0.1519644980853907
1,red_green,3,0,29,29,16,0,0.2822885528616751,0.562235718871096,-0.27994716600942093
1,red_green,3,0,30,30,14,0,0.404403959215123,0.4563640232739961,-0.0519600640588731
1,red_green,3,0,31,31,5,0,0.38890983160156023,0.43701099164155055,-0.04810116003999032
1,red_green,3,1,0,0,19,0,0.4129186724225141,0.45292640291973424,-0.04000773049722012
1,red_green,3,1,1,1,21,0,0.4642627077859274,0.48435434266490096,-0.020091634878973585
1,red_green,3,1,2,2,6,0,0.3618252800432677,0.4786535963572915,-0.1168283163140238
1,red_green,3,1,3,3,5,0,0.44898584902326516,0.4993072824350236,-0.05032143341175843
1,red_green,3,1,4,4,10,0,0.38927194444951696,0.49668746042047207,-0.10741551597095511
1,red_green,3,1,5,5,8,0,0.45342020052346693,0.4572545697810706,-0.0038343692576036648
1,red_green,3,1,6,6,10,0,0.43073939414780454,0.5129415149846427,-0.08220212083683814
1,red_green,3,1,7,7,8,0,0.3981189476051338,0.480510121292023,-0.0823911736868892
1,red_green,3,1,8,8,11,0,0.5028666777160834,0.5028666815681465,-3.852063112930182e-09
1,red_green,3,1,9,9,22,0,0.40339707765991406,0.47023462839252195,-0.06683755073260789
1,red_green,3,1,10,10,0,0,0.3272762801062264,0.5149035749688702,-0.1876272948626438
1,red_green,3,1,11,11,1,0,0.30152948846673727,0.5866423186925557,-0.2851128302258184
1,red_green,3,1,12,12,27,0,0.35055233506815653,0.4526500393811427,-0.10209770431298615
1,red_green,3,1,13,13,3,0,0.35664186829482,0.5438398064469642,-0.1871979381521442
1,red_green,3,1,14,14,3,0,0.35307677562945683,0.47621197859753184,-0.12313520296807501
1,red_green,3,1,15,15,11,0,0.3234872382010098,0.591896964682561,-0.26840972648155126
1,red_green,3,1,16,16,0,0,0.34595889179126205,0.529323985335806,-0.183365093544544
1,red_green,3,1,17,17,1,0,0.3171427868634638,0.521713652420671,-0.20457086555720722
1,red_green,3,1,18,18,3,0,0.33631267832865175,0.4357821097422826,-0.09946943141363085
1,red_green,3,1,19,19,3,0,0.33105837462961746,0.5304441127537114,-0.19938573812409394
1,red_green,3,1,20,20,23,0,0.4517574660479263,0.4517574683487255,-2.3007991623025248e-09
1,red_green,3,1,21,21,13,0,0.31654719926354485,0.4809299343332455,-0.16438273506970064
1,red_green,3,1,22,22,2,0,0.2595352715105104,0.5844741254225777,-0.3249388539120673
1,red_green,3,1,23,23,17,0,0.37100435610534915,0.5025563878974798,-0.13155203179213065
1,red_green,3,1,24,24,25,0,0.5623899265042094,0.5623899301611911,-3.6569817174481045e-09
1,red_green,3,1,25,25,1,0,0.4002799038470846,0.4422579388929646,-0.04197803504587999
1,red_green,3,1,26,26,17,0,0.31985775975535674,0.6487980165638825,-0.32894025680852573
1,red_green,3,1,27,27,5,0,0.3437047002546111,0.5397839237077443,-0.19607922345313322
1,red_green,3,1,28,28,2,0,0.2994887020825949,0.5220532891615222,-0.22256458707892723
1,red_green,3,1,29,29,10,0,0.19620496198721143,0.5684165306470517,-0.37221156865984023
1,red_green,3,1,30,30,3,0,0.2802497433902439,0.5001076815538755,-0.21985793816363164
1,red_green,3,1,31,31,19,0,0.29760356168431396,0.5131821923429496,-0.21557863065863564
1,red_green,4,0,0,0,19,0,0.37265881256331684,0.5549834442656064,-0.18232463170228957
1,red_green,4,0,1,1,16,0,0.4765251779592767,0.5214070720526475,-0.04488189409337079
1,red_green,4,0,2,2,20,0,0.3949062532757549,0.4330386595338261,-0.03813240625807118
1,red_green,4,0,3,3,10,0,0.34796979979312775,0.4869339246048217,-0.13896412481169396
1,red_green,4,0,4,4,8,0,0.37017890417619415,0.5774651710132485,-0.2072862668370543
1,red_green,4,0,5,5,0,0,0.36035748127904843,0.49795980370073095,-0.13760232242168252
1,red_green,4,0,6,6,0,0,0.37954166196553835,0.4949452055674658,-0.11540354360192745
1,red_green,4,0,7,7,14,0,0.38616238294279226,0.5234223299981458,-0.1372599470553535
1,red_green,4,0,8,8,3,0,0.3854454351647396,0.524734597795114,-0.13928916263037439
1,red_green,4,0,9,9,17,0,0.34977148925213236,0.6498248225111698,-0.30005333325903744
1,red_green,4,0,10,10,0,0,0.3073822171982171,0.5238665785671592,-0.2164843613689421
1,red_green,4,0,11,11,1,0,0.4662587719467571,0.49836231040262624,-0.03210353845586916
1,red_green,4,0,12,12,10,0,0.5345527869434619,0.5829125233906324,-0.04835973644717051
1,red_green,4,0,13,13,18,0,0.37248203087460596,0.5569179268104888,-0.18443589593588283
1,red_green,4,0,14,14,1,0,0.46173255730285423,0.5265458743410222,-0.06481331703816795
1,red_green,4,0,15,15,3,0,0.4196009344873536,0.5698893921024553,-0.15028845761510168
1,red_green,4,0,16,16,1,0,0.37299213797368325,0.4401447105045924,-0.06715257253090917
1,red_green,4,0,17,17,13,0,0.32051301426001677,0.4416160601458101,-0.12110304588579335
1,red_green,4,0,18,18,23,0,0.31092112837954955,0.5014007508317602,-0.19047962245221062
1,red_green,4,0,19,19,6,0,0.3751374682111897,0.5042160526192622,-0.12907858440807246
1,red_green,4,0,20,20,19,0,0.4125965055025086,0.48163650817352616,-0.06904000267101756
1,red_green,4,0,21,21,5,0,0.37717902143185755,0.5094573403095012,-0.13227831887764363
1,red_green,4,0,22,22,3,0,0.4022930615137482,0.5293934307090293,-0.12710036919528112
1,red_green,4,0,23,23,0,0,0.37421782433951534,0.545007402095439,-0.17078957775592363
1,red_green,4,0,24,24,5,0,0.2569609314229027,0.45941346195186344,-0.20245253052896073
1,red_green,4,0,25,25,5,0,0.42024589196509765,0.5793945644357902,-0.15914867247069253
1,red_green,4,0,26,26,2,0,0.35101053504583685,0.41276838915619257,-0.061757854110355725
1,red_green,4,0,27,27,5,0,0.33542823381862685,0.5485348689163465,-0.21310663509771965
1,red_green,4,0,28,28,6,0,0.34319875101728886,0.5142780410567405,-0.1710792900394516
1,red_green,4,0,29,29,12,0,0.33508688481073995,0.6377836414618464,-0.30269675665110646
1,red_green,4,0,30,30,11,0,0.27357529498625693,0.46409801616911267,-0.19052272118285574
1,red_green,4,0,31,31,12,0,0.3267158218308123,0.4554309434279949,-0.12871512159718257
1,red_green,4,1,0,0,8,0,0.4009295865131658,0.5458768091292209,-0.14494722261605508
1,red_green,4,1,1,1,12,0,0.4555682316757813,0.5152214344718504,-0.059653202796069116
1,red_green,4,1,2,2,2,1,0.6710583162085781,0.6710583162085781,4.440892098500626e-16
1,red_green,4,1,3,3,5,0,0.4772121414799048,0.49110928316094404,-0.013897141681039227
1,red_green,4,1,4,4,2,0,0.5029580137166137,0.5743701071914589,-0.07141209347484512
1,red_green,4,1,5,5,0,0,0.5090293045848152,0.590801149024906,-0.08177184444009078
1,red_green,4,1,6,6,9,0,0.34550764296685393,0.43456526420194885,-0.08905762123509492
1,red_green,4,1,7,7,6,0,0.5588779747783857,0.5588779836780655,-8.899679770912883e-09
1,red_green,4,1,8,8,9,0,0.44086872738828825,0.44086873529270276,-7.904414511816782e-09
1,red_green,4,1,9,9,2,0,0.46873103029647734,0.5395851198504017,-0.07085408955392436
1,red_green,4,1,10,10,4,0,0.4559051299741365,0.4575966743257055,-0.0016915443515689854
1,red_green,4,1,11,11,4,0,0.345403488766702,0.58685315318427,-0.241449664417568
1,red_green,4,1,12,12,25,0,0.3673680986581208,0.48032256600433737,-0.11295446734621656
1,red_green,4,1,13,13,3,0,0.41477149761352694,0.44751152250742376,-0.032740024893896824
1,red_green,4,1,14,14,10,0,0.3735823348927741,0.5393188034617235,-0.16573646856894936
1,red_green,4,1,15,15,5,0,0.45877069736238413,0.46958918285272644,-0.010818485490342311
1,red_green,4,1,16,16,10,0,0.3724086154280034,0.5347287626994294,-0.16232014727142596
1,red_green,4,1,17,17,1,0,0.3091135391798526,0.555783561054705,-0.24667002187485243
1,red_green,4,1,18,18,10,0,0.43307135726672724,0.4362976984279896,-0.0032263411612623583
1,red_green,4,1,19,19,16,0,0.5448645415243175,0.5448645444375761,-2.913258634329452e-09
1,red_green,4,1,20,20,1,0,0.3232507630893572,0.3991371913225396,-0.07588642823318242
1,red_green,4,1,21,21,3,0,0.2769535051277207,0.5039922507086726,-0.22703874558095188
1,red_green,4,1,22,22,2,0,0.2947359817732233,0.5318380279590196,-0.23710204618579628
1,red_green,4,1,23,23,2,0,0.37628350969883917,0.5475310669444128,-0.1712475572455736
1,red_green,4,1,24,24,0,0,0.39032948995261135,0.5692570993768252,-0.17892760942421387
1,red_green,4,1,25,25,4,0,0.44943116817096623,0.5162021006190873,-0.0667709324481211
1,red_green,4,1,26,26,9,0,0.3160206715516685,0.5138932074792992,-0.1978725359276307
1,red_green,4,1,27,27,9,0,0.3279482624034662,0.5961346619650575,-0.2681863995615913
1,red_green,4,1,28,28,5,0,0.33898387275239034,0.562531054090828,-0.2235471813384377
1,red_green,4,1,29,29,0,0,0.28364893039064143,0.5352842926794029,-0.2516353622887615
1,red_green,4,1,30,30,0,0,0.31090953040417585,0.5234407931676417,-0.21253126276346584
1,red_green,4,1,31,31,9,0,0.4123368455432577,0.5821523734533851,-0.16981552791012738
1,red_green,5,0,0,0,0,1,0.5132195088691688,0.5132195088691688,2.220446049250313e-16
1,red_green,5,0,1,1,9,0,0.41865471775680396,0.4349968514607071,-0.01634213370390314
1,red_green,5,0,2,2,1,0,0.47031835328883825,0.4703183598530136,-6.564175369927483e-09
1,red_green,5,0,3,3,3,1,0.43694914812849556,0.43694914812849556,4.440892098500626e-16
1,red_green,5,0,4,4,9,0,0.34538899430211195,0.44883820490690685,-0.1034492106047949
1,red_green,5,0,5,5,30,0,0.33624382992013535,0.3929427537837346,-0.05669892386359926
1,red_green,5,0,6,6,6,1,0.49132348688976,0.49132348688976,4.440892098500626e-16
1,red_green,5,0,7,7,3,0,0.4262008983023226,0.4603638784979651,-0.03416298019564251
1,red_green,5,0,8,8,2,0,0.39367383687252283,0.4938673084038038,-0.10019347153128094
1,red_green,5,0,9,9,11,0,0.5013634678812892,0.5013634678812895,-3.3306690738754696e-16
1,red_green,5,0,10,10,30,0,0.3068943996886291,0.4364501015133692,-0.12955570182474013
1,red_green,5,0,11,11,12,0,0.3971017442226445,0.4393216227782398,-0.04221987855559528
1,red_green,5,0,12,12,0,0,0.21496387119265994,0.3848408132876301,-0.16987694209497015
1,red_green,5,0,13,13,22,0,0.27977387777352347,0.49767878887560374,-0.21790491110208027
1,red_green,5,0,14,14,15,0,0.44186003533058354,0.4418600439592411,-8.62865756623421e-09
1,red_green,5,0,15,15,6,0,0.3958028820717064,0.4859855429820627,-0.09018266091035632
1,red_green,5,0,16,16,5,0,0.3488540248230555,0.4511840739695499,-0.1023300491464944
1,red_green,5,0,17,17,12,0,0.35857849595717534,0.4558240292429748,-0.09724553328579949
1,red_green,5,0,18,18,9,0,0.384421697202994,0.4979726395408235,-0.11355094233782947
1,red_green,5,0,19,19,18,0,0.4826442285771659,0.4826442364051421,-7.827976211682852e-09
1,red_green,5,0,20,20,6,0,0.3905949738348983,0.5100751380711265,-0.1194801642362282
1,red_green,5,0,21,21,5,0,0.3470907278101154,0.46052530669163383,-0.11343457888151842
1,red_green,5,0,22,22,7,0,0.3985381878526855,0.4663354694795763,-0.0677972816268908
1,red_green,5,0,23,23,10,0,0.42727306516401353,0.43551115794545653,-0.008238092781442996
1,red_green,5,0,24,24,1,0,0.3824673664298709,0.4389497864677945,-0.056482420037923586
1,red_green,5,0,25,25,2,0,0.4424020015558677,0.4634744201545591,-0.02107241859869141
1,red_green,5,0,26,26,20,0,0.35842043353213304,0.43267852637033244,-0.0742580928381994
1,red_green,5,0,27,27,13,0,0.3859701451255297,0.40014156363528497,-0.014171418509755285
1,red_green,5,0,28,28,24,0,0.3505279298913187,0.41576920227176156,-0.06524127238044286
1,red_green,5,0,29,29,17,0,0.3760089346847932,0.5601066453360544,-0.18409771065126118
1,red_green,5,0,30,30,7,0,0.32251078110528064,0.5028338090164957,-0.18032302791121502
1,red_green,5,0,31,31,0,0,0.3383645498341747,0.47639040984478326,-0.13802586001060857
1,red_green,5,1,0,0,9,0,0.3686540567157339,0.6440180580769935,-0.2753640013612596
1,red_green,5,1,1,1,5,0,0.41500012609822107,0.547893235158931,-0.1328931090607099
1,red_green,5,1,2,2,11,0,0.46681343292011485,0.4814776286937683,-0.014664195773653466
1,red_green,5,1,3,3,1,0,0.6187303892309458,0.6187303892309458,0.0
1,red_green,5,1,4,4,0,0,0.4391541304900532,0.5166689071253205,-0.07751477663526735
1,red_green,5,1,5,5,3,0,0.4954381433775882,0.5424306547524999,-0.04699251137491167
1,red_green,5,1,6,6,4,0,0.6981197669225782,0.6981197669225785,-3.3306690738754696e-16
1,red_green,5,1,7,7,12,0,0.45115162110175255,0.5322116860058687,-0.0810600649041161
1,red_green,5,1,8,8,7,0,0.3723530445245156,0.6446829862361747,-0.2723299417116591
1,red_green,5,1,9,9,16,0,0.334074197582827,0.4579604685322258,-0.12388627094939875
1,red_green,5,1,10,10,3,0,0.45004122909460786,0.4991360616981477,-0.04909483260353986
1,red_green,5,1,11,11,3,0,0.3339979942954149,0.5742779117028185,-0.24027991740740362
1,red_green,5,1,12,12,7,0,0.345858103811888,0.5202073373083762,-0.17434923349648823
1,red_green,5,1,13,13,2,0,0.3426715595010917,0.49585684979476846,-0.15318529029367678
1,red_green,5,1,14,14,0,0,0.28754300049135084,0.5333168446699087,-0.24577384417855785
1,red_green,5,1,15,15,8,0,0.4891751837510024,0.5875889730225112,-0.09841378927150884
1,red_green,5,1,16,16,9,0,0.41155411372847883,0.4418348125102099,-0.030280698781731064
1,red_green,5,1,17,17,6,0,0.4034787163897067,0.5574239076267389,-0.15394519123703215
1,red_green,5,1,18,18,7,0,0.3452530373968203,0.47368609566676884,-0.12843305826994855
1,red_green,5,1,19,19,7,0,0.35498832402161573,0.613889222872544,-0.25890089885092826
1,red_green,5,1,20,20,1,0,0.33935102608675277,0.5120786214426992,-0.17272759535594645
1,red_green,5,1,21,21,6,0,0.3937697478115142,0.5325237494689786,-0.13875400165746443
1,red_green,5,1,22,22,4,0,0.3236705152208746,0.6189402110180745,-0.2952696957971999
1,red_green,5,1,23,23,7,0,0.3316521692108457,0.5086626111426298,-0.17701044193178406
1,red_green,5,1,24,24,15,0,0.38595851697209005,0.5035466114371118,-0.11758809446502172
1,red_green,5,1,25,25,4,0,0.34525782133380306,0.4759745125802311,-0.13071669124642804
1,red_green,5,1,26,26,8,0,0.3101822452005031,0.5885247715984382,-0.2783425263979351
1,red_green,5,1,27,27,7,0,0.3150668978770524,0.63024182026324,-0.31517492238618766
1,red_green,5,1,28,28,9,0,0.2525266433874482,0.5418554629790147,-0.2893288195915665
1,red_green,5,1,29,29,3,0,0.2230302854964548,0.4923790105829019,-0.26934872508644714
1,red_green,5,1,30,30,8,0,0.278122951179346,0.5189003620505125,-0.2407774108711665
1,red_green,5,1,31,31,15,0,0.2911352069741689,0.4799785101689573,-0.18884330319478843
